objectnummer;title;matched_field;suggested_street_label;matched_variant;snippet;suggested_wikidata_qid;score;geographic_keywords;current_geo_terms;wikimedia_url
SK-A-4481;De begrafenis van pastoor Joannes Vitus Janssen (1803-43) in Paramaribo;description;Rust en Vredestraat;Rust en Vredestraat;...Joannes Vitus Janssen (1803-43) op het oude kerkhof aan de Rust en Vredestraat te Paramaribo. De aankomst van de begrafenisstoet bij de in...;;45;Paramaribo (stad);Paramaribo (stad);https://commons.wikimedia.org/wiki/File:De_begrafenis_van_pastoor_Joannes_Vitus_Janssen_(1803-43)_in_Paramaribo,_SK-A-4481.jpg
RP-T-1905-103;Gezicht op de molen en het kookhuis van plantage Waterland in Suriname;description;Waterkant;Waterkant;‘Dit Gesigt is te Sien op Waterkant als men staat voor de Keuken’ schreef Dirk Valkenburg voor...;Q2512080;35;Suriname (Zuid-Amerika);Suriname (Zuid-Amerika);https://commons.wikimedia.org/wiki/File:Gezicht_op_molen_en_kookhuis_op_een_plantage_te_Suriname_Gezichten_op_de_plantages_Surimonbo_en_Palmeniribo_(serietitel),_RP-T-1905-103.jpg
RP-P-1911-322;Gezicht op de waterkant en reede van Paramaribo;title;Waterkant;Waterkant;Gezicht op de waterkant en reede van Paramaribo | Gezigten uit Neerland's West-Indi...;Q2512080;55;Suriname (Zuid-Amerika);Suriname (Zuid-Amerika);https://commons.wikimedia.org/wiki/File:Gezicht_op_de_waterkant_en_reede_van_Paramaribo_Gezigten_uit_Neerland's_West-Indien_(serietitel),_RP-P-1911-322.jpg
RP-F-1994-16-9;Portret van een onbekende vrouw op de overdekte markt aan de Heiligenweg, Paramaribo;title;Heiligenweg;Heiligenweg;...ortret van een onbekende vrouw op de overdekte markt aan de Heiligenweg, Paramaribo | De overdekte markt aan de Heilige Weg | Kolon...;Q56492630;57;Paramaribo (stad);Paramaribo (stad);https://commons.wikimedia.org/wiki/File:Overdekte_markt_aan_de_Heilige_Weg,_Suriname_Kolonie_Suriname_Afbeeldingen_betreffende_Cultuurgewassen,_Plantages,_Goudvelden,_Volkstypen_enz._(serietitel),_RP-F-1994-16-9.jpg
RP-F-F00938;Fotoalbum met bezienswaardigheden in Paramaribo;description;Gouvernementsplein;Gouvernementsplein;...ienswaardigheden in Paramaribo. Daaronder de Waterkant, het Gouvernementsplein, de Heerenstraat, de Steenbakkerystraat, de Saramaccastraat...;;44;Suriname (Zuid-Amerika) | Paramaribo (stad);Suriname (Zuid-Amerika) | Paramaribo (stad);https://commons.wikimedia.org/wiki/File:Fotoalbum_met_bezienswaardigheden_in_Paramaribo_Suriname_Paramaribo._(titel_op_object),_RP-F-F00938.jpg
RP-F-F00938;Fotoalbum met bezienswaardigheden in Paramaribo;description;Saramaccastraat;Saramaccastraat;...vernementsplein, de Heerenstraat, de Steenbakkerystraat, de Saramaccastraat, de Maagdenstraat, Fort Zeelandia, de Buitensociëteit, het...;Q107435480;41;Suriname (Zuid-Amerika) | Paramaribo (stad);Suriname (Zuid-Amerika) | Paramaribo (stad);https://commons.wikimedia.org/wiki/File:Fotoalbum_met_bezienswaardigheden_in_Paramaribo_Suriname_Paramaribo._(titel_op_object),_RP-F-F00938.jpg
RP-F-F00938;Fotoalbum met bezienswaardigheden in Paramaribo;description;Maagdenstraat;Maagdenstraat;...Heerenstraat, de Steenbakkerystraat, de Saramaccastraat, de Maagdenstraat, Fort Zeelandia, de Buitensociëteit, het Groote Combé-kolon...;Q107435475;39;Suriname (Zuid-Amerika) | Paramaribo (stad);Suriname (Zuid-Amerika) | Paramaribo (stad);https://commons.wikimedia.org/wiki/File:Fotoalbum_met_bezienswaardigheden_in_Paramaribo_Suriname_Paramaribo._(titel_op_object),_RP-F-F00938.jpg
RP-F-F01203;Fotoalbum van een onbekende Nederlandse familie met opnames van Suriname, Europa en Nederlands-Indië;description;Gouvernementsplein;Gouvernementsplein;...nthulling van een standbeeld van koningin Wilhelmina op het Gouvernementsplein te Paramaribo in 1923. Voorts opnames van het huiselijke -...;;44;Nederlands-Indië | Suriname (Zuid-Amerika) | Europa | Madeira;Nederlands-Indië | Suriname (Zuid-Amerika) | Europa | Madeira;https://commons.wikimedia.org/wiki/File:Fotoalbum_van_een_onbekende_Nederlandse_familie_met_opnames_van_Suriname,_Europa_en_Nederlands-Indië,_RP-F-F01203.jpg
NG-1979-566-27;Hindostaans huwelijk: de Matkorwa;description;Waterkant;Waterkant;...i mata). De meest ideale plek voor de opgraving is langs de waterkant. De oudste zuster van de vader (de phuwá) heeft hierbij mee...;Q2512080;35;Den Haag | Suriname (Zuid-Amerika);Den Haag | Suriname (Zuid-Amerika);
RP-P-1974-97;Waterkant en rede te Paramaribo;title;Waterkant;Waterkant;Waterkant en rede te Paramaribo | Post Gelderland en Joden Savannah [...;Q2512080;55;Suriname (Zuid-Amerika) | Surinamerivier | Jodensavanne;Suriname (Zuid-Amerika) | Surinamerivier | Jodensavanne;
RP-P-1974-98;Waterkant en rede te Paramaribo;description;Kromme Elleboogstraat;Kromme Elleboogstraat;...at, Steenbakkersgracht, Breestraat, de Waag, Keizersstraat, Kromme Elleboogstraat en de Oranjestraat. Prent maakt deel uit van een omslag met...;Q107435467;46;Suriname (Zuid-Amerika) | Surinamerivier | Waterkant | Paramaribo (stad);Suriname (Zuid-Amerika) | Surinamerivier | Waterkant | Paramaribo (stad);
RP-P-1974-98;Waterkant en rede te Paramaribo;description;Steenbakkersgracht;Steenbakkersgracht;...laat staan de volgende straten aangegeven: Saramaccastraat, Steenbakkersgracht, Breestraat, de Waag, Keizersstraat, Kromme Elleboogstraat...;;44;Suriname (Zuid-Amerika) | Surinamerivier | Waterkant | Paramaribo (stad);Suriname (Zuid-Amerika) | Surinamerivier | Waterkant | Paramaribo (stad);
RP-P-1974-98;Waterkant en rede te Paramaribo;description;Saramaccastraat;Saramaccastraat;...artuigen. Op de plaat staan de volgende straten aangegeven: Saramaccastraat, Steenbakkersgracht, Breestraat, de Waag, Keizersstraat, Kr...;Q107435480;41;Suriname (Zuid-Amerika) | Surinamerivier | Waterkant | Paramaribo (stad);Suriname (Zuid-Amerika) | Surinamerivier | Waterkant | Paramaribo (stad);
NG-2008-15;Testament van William Leckie;description;Waterkant;Waterkant;...man en vermoedelijk de opdrachtgever van het diorama van de Waterkant van Paramaribo. Het testament bestaat uit twee losse gevouw...;Q2512080;35;Suriname (Zuid-Amerika);Suriname (Zuid-Amerika);https://commons.wikimedia.org/wiki/File:Testament_van_William_Leckie,_NG-2008-15.jpg
NG-2009-39-90;Heerenstraat 18 in Paramaribo;title;Heerenstraat;Heerenstraat;Heerenstraat 18 in Paramaribo;Q107435472;58;Suriname (Zuid-Amerika) | Paramaribo (stad) | Heerenstraat (Paramaribo);Suriname (Zuid-Amerika) | Paramaribo (stad) | Heerenstraat (Paramaribo);https://commons.wikimedia.org/wiki/File:Heerenstraat_18_in_Paramaribo,_NG-2009-39-90.jpg
NG-2009-39-83;Op de veranda van Heerenstraat 18 in Paramaribo.;title;Heerenstraat;Heerenstraat;Op de veranda van Heerenstraat 18 in Paramaribo.;Q107435472;58;Suriname (Zuid-Amerika) | Paramaribo (stad) | Heerenstraat (Paramaribo);Suriname (Zuid-Amerika) | Paramaribo (stad) | Heerenstraat (Paramaribo);https://commons.wikimedia.org/wiki/File:Op_de_veranda_van_Heerenstraat_18_in_Paramaribo.,_NG-2009-39-83.jpg
NG-2009-39-85;Paramaribo;description;Heerenstraat;Heerenstraat;Vrouw op de veranda van het huis aan de Heerenstraat, in Paramaribo.;Q107435472;38;Suriname (Zuid-Amerika) | Paramaribo (stad) | Heerenstraat (Paramaribo);Suriname (Zuid-Amerika) | Paramaribo (stad) | Heerenstraat (Paramaribo);https://commons.wikimedia.org/wiki/File:Paramaribo,_NG-2009-39-85.jpg
NG-2009-39-87;Familie op veranda in Paramaribo;description;Heerenstraat;Heerenstraat;Vier vrouwen op een veranda van een huis aan de Heerenstraat in Paramaribo.;Q107435472;38;Paramaribo (stad) | Heerenstraat (Paramaribo);Paramaribo (stad) | Heerenstraat (Paramaribo);https://commons.wikimedia.org/wiki/File:Familie_op_veranda_in_Paramaribo,_NG-2009-39-87.jpg
NG-2009-45-5;Familieportret van de familie Brouwers te Paramaribo;description;Heerenstraat;Heerenstraat;...van de familie Brouwers, op de veranda van het huis aan de Heerenstraat te Paramaribo.;Q107435472;38;Paramaribo (stad);Paramaribo (stad);https://commons.wikimedia.org/wiki/File:Familieportret_van_de_familie_Brouwers_te_Paramaribo,_NG-2009-45-5.jpg
RP-F-2009-223;Paramaribo, Jodenbreestraat 1975;title;Jodenbreestraat;Jodenbreestraat;Paramaribo, Jodenbreestraat 1975 | The Dutch Caribbean : foto's uit Suriname en de Nede...;Q98124865;61;Jodenbreestraat (Paramaribo);Jodenbreestraat (Paramaribo);
RP-F-F01203-CV;Erepoort in de Saramaccastraat te Paramaribo, opgericht ter gelegenheid van de opening van de Lawaspoorlijn (Landsspoorweg) op 28 maart 1905;title;Saramaccastraat;Saramaccastraat;Erepoort in de Saramaccastraat te Paramaribo, opgericht ter gelegenheid van de opening van...;Q107435480;61;Paramaribo (stad);Paramaribo (stad);https://commons.wikimedia.org/wiki/File:Erepoort_in_de_Saramaccastraat_te_Paramaribo,_opgericht_ter_gelegenheid_van_de_opening_van_de_Lawaspoorlijn_(Landsspoorweg)_op_28_maart_1905_door_de_Saramaccastraat_(titel_op_object),_RP-F-F01203-CV.jpg
RP-F-F01311;Koningin Juliana speldt een onderscheiding op bij een militair op het Gouvernementsplein in Suriname;title;Gouvernementsplein;Gouvernementsplein;...uliana speldt een onderscheiding op bij een militair op het Gouvernementsplein in Suriname | Princess Juliana's visit to Surinam;;64;Paramaribo (stad);Paramaribo (stad);
NG-2009-128;Fotoalbum over het leven van de familie Gonggrijp in Suriname rond 1912;description;Waterkant;Waterkant;...19 april 1912 in Paramaribo, op het grote plein en langs de waterkant. In het album zitten foto's van Oom George Gonggrijp in Sur...;Q2512080;35;Suriname (Zuid-Amerika) | Paramaribo (stad) | Plantage Clevia | Plantage Morgenstond;Suriname (Zuid-Amerika) | Paramaribo (stad) | Plantage Clevia | Plantage Morgenstond;https://commons.wikimedia.org/wiki/File:Fotoalbum_over_het_leven_van_de_familie_Gonggrijp_in_Suriname_rond_1912,_NG-2009-128.jpg
NG-2009-130-3;Gravenstraat in Paramaribo met de Sint Petrus en Paulus Kathedraal;title;Gravenstraat;Gravenstraat;Gravenstraat in Paramaribo met de Sint Petrus en Paulus Kathedraal;;58;Paramaribo (stad) | Gravenstraat (Paramaribo) | Sint-Petrus-en-Pauluskathedraal;Paramaribo (stad) | Gravenstraat (Paramaribo) | Sint-Petrus-en-Pauluskathedraal;https://commons.wikimedia.org/wiki/File:Gravenstraat_in_Paramaribo_met_de_Sint_Petrus_en_Paulus_Kathedraal,_NG-2009-130-3.jpg
NG-2009-132-13;Koninginnedag 1905 op het Gouvernementsplein bij buiten-sociëteit Het Park, Paramaribo;title;Gouvernementsplein;Gouvernementsplein;Koninginnedag 1905 op het Gouvernementsplein bij buiten-sociëteit Het Park, Paramaribo;;64;Paramaribo (stad);Paramaribo (stad);https://commons.wikimedia.org/wiki/File:Koninginnedag_1905_op_het_Gouvernementsplein_bij_buiten-sociëteit_Het_Park,_Paramaribo,_NG-2009-132-13.jpg
NG-2009-132-20;Rivieroever in Suriname;description;Waterkant;Waterkant;...uurt van het dorp Gégé in Suriname met twee personen aan de waterkant. Onderdeel van een groep objecten afkomstig van de familie...;Q2512080;35;Suriname (Zuid-Amerika);Suriname (Zuid-Amerika);https://commons.wikimedia.org/wiki/File:Rivieroever_in_Suriname,_NG-2009-132-20.jpg
NG-2009-132-31;Stadsgezicht in Suriname met spooraanleg;description;Waterkant;Waterkant;Vermoedelijk de Waterkant in Paramaribo, waar gewerkt wordt aan de aanleg van de spoo...;Q2512080;35;Suriname (Zuid-Amerika) | Paramaribo (stad);Suriname (Zuid-Amerika) | Paramaribo (stad);https://commons.wikimedia.org/wiki/File:Stadsgezicht_in_Suriname_met_spooraanleg,_NG-2009-132-31.jpg
NG-2009-45-31;Zwarte Dinsdag in Paramaribo, 7 februari 1933;description;Gouvernementsplein;Gouvernementsplein;...i 1933. Groep mensen op open terrein tussen gebouwen op het Gouvernementsplein.;;44;Paramaribo (stad);Paramaribo (stad);
NG-2009-141-6;Gonggrijpstraat in Paramaribo;title;Gongrijpstraat;Gonggrijpstraat;Gonggrijpstraat in Paramaribo;Q107435492;55;Paramaribo (stad);Paramaribo (stad);https://commons.wikimedia.org/wiki/File:Gonggrijpstraat_in_Paramaribo,_NG-2009-141-6.jpg
NG-2009-141-9;Brug bij de Gonggrijpstraat in Paramaribo;title;Gongrijpstraat;Gonggrijpstraat;Brug bij de Gonggrijpstraat in Paramaribo;Q107435492;55;Paramaribo (stad);Paramaribo (stad);https://commons.wikimedia.org/wiki/File:Brug_bij_de_Gonggrijpstraat_in_Paramaribo,_NG-2009-141-9.jpg
NG-2009-93-9-4;Edith Jetten met een parasol in een boot;description;Waterkant;Waterkant;Edith Jetten zittend met een parasol in een boot aan de waterkant. Foto met hoekjes bevestigd op een bladzijde van een albumb...;Q2512080;35;Suriname (Zuid-Amerika);Suriname (Zuid-Amerika);https://commons.wikimedia.org/wiki/File:Edith_Jetten_met_een_parasol_in_een_boot,_NG-2009-93-9-4.jpg
NG-2010-11;Bij de onafhankelijkheid van Suriname wordt het standbeeld van koningin Wilhelmina verwijderd, 1975;description;Oranjeplein;Oranjeplein;...a te worden overgebracht. Het beeld stond sinds 1923 op het Oranjeplein. Bij de onafhankelijkheid van Suriname in 1975 werd het van...;;37;Onafhankelijkheidsplein;Onafhankelijkheidsplein;
NG-1994-65-1-22-2;Verlengde Gonggrijpstraat;title;Gongrijpstraat;Gonggrijpstraat;Verlengde Gonggrijpstraat;Q107435492;55;Suriname (Zuid-Amerika);Suriname (Zuid-Amerika);https://commons.wikimedia.org/wiki/File:Verlengde_Gonggrijpstraat_(titel_op_object),_NG-1994-65-1-22-2.jpg
NG-1994-65-1-21-2;Verlengde Gonggrijpstraat;title;Gongrijpstraat;Gonggrijpstraat;Verlengde Gonggrijpstraat;Q107435492;55;Suriname (Zuid-Amerika);Suriname (Zuid-Amerika);https://commons.wikimedia.org/wiki/File:Verlengde_Gonggrijpstraat_(titel_op_object),_NG-1994-65-1-21-2.jpg
NG-1994-65-1-44-3;Klipsteenstraat en Emmaschool, Paramaribo;title;Klipstenenstraat;Klipsteenstraat;Klipsteenstraat en Emmaschool, Paramaribo;;55;Suriname (Zuid-Amerika) | Paramaribo (stad) | Emmaschool | Klipsteenstraat;Suriname (Zuid-Amerika) | Paramaribo (stad) | Emmaschool | Klipsteenstraat;https://commons.wikimedia.org/wiki/File:Klipsteenstraat_en_Emmaschool,_Paramaribo_(titel_op_object),_NG-1994-65-1-44-3.jpg
NG-1994-65-1-43-2;Klipsteenstraat en Emmaschool, Paramaribo;title;Klipstenenstraat;Klipsteenstraat;Klipsteenstraat en Emmaschool, Paramaribo;;55;Suriname (Zuid-Amerika) | Paramaribo (stad) | Emmaschool | Klipsteenstraat;Suriname (Zuid-Amerika) | Paramaribo (stad) | Emmaschool | Klipsteenstraat;https://commons.wikimedia.org/wiki/File:Klipsteenstraat_en_Emmaschool,_Paramaribo_(titel_op_object),_NG-1994-65-1-43-2.jpg
NG-1994-65-1-49-6;Verlengde Gonggrijpstraat;title;Gongrijpstraat;Gonggrijpstraat;Verlengde Gonggrijpstraat;Q107435492;55;Suriname (Zuid-Amerika);Suriname (Zuid-Amerika);https://commons.wikimedia.org/wiki/File:Verlengde_Gonggrijpstraat,_NG-1994-65-1-49-6.jpg
NG-1994-65-2-2-1;Heerenstraat te Paramaribo;title;Heerenstraat;Heerenstraat;Heerenstraat te Paramaribo;Q107435472;58;Suriname (Zuid-Amerika) | Paramaribo (stad) | Heerenstraat (Paramaribo);Suriname (Zuid-Amerika) | Paramaribo (stad) | Heerenstraat (Paramaribo);https://commons.wikimedia.org/wiki/File:Heerenstraat_te_Paramaribo,_NG-1994-65-2-2-1.jpg
NG-1994-65-2-2-3;Heerenstraat te Paramaribo;title;Heerenstraat;Heerenstraat;Heerenstraat te Paramaribo;Q107435472;58;Suriname (Zuid-Amerika) | Paramaribo (stad) | Heerenstraat (Paramaribo);Suriname (Zuid-Amerika) | Paramaribo (stad) | Heerenstraat (Paramaribo);https://commons.wikimedia.org/wiki/File:Heerenstraat_te_Paramaribo,_NG-1994-65-2-2-3.jpg
NG-1994-65-2-2-4;Heerenstraat te Paramaribo;title;Heerenstraat;Heerenstraat;Heerenstraat te Paramaribo;Q107435472;58;Suriname (Zuid-Amerika) | Paramaribo (stad) | Heerenstraat (Paramaribo);Suriname (Zuid-Amerika) | Paramaribo (stad) | Heerenstraat (Paramaribo);https://commons.wikimedia.org/wiki/File:Heerenstraat_te_Paramaribo,_NG-1994-65-2-2-4.jpg
NG-1994-65-2-6-2;Heerenstraat, Paramaribo;title;Heerenstraat;Heerenstraat;Heerenstraat, Paramaribo;Q107435472;58;Suriname (Zuid-Amerika) | Paramaribo (stad) | Heerenstraat (Paramaribo);Suriname (Zuid-Amerika) | Paramaribo (stad) | Heerenstraat (Paramaribo);https://commons.wikimedia.org/wiki/File:Heerenstraat,_Paramaribo_(titel_op_object),_NG-1994-65-2-6-2.jpg
NG-1994-65-2-5-2;Heerenstraat, Paramaribo;title;Heerenstraat;Heerenstraat;Heerenstraat, Paramaribo;Q107435472;58;Suriname (Zuid-Amerika) | Paramaribo (stad) | Heerenstraat (Paramaribo);Suriname (Zuid-Amerika) | Paramaribo (stad) | Heerenstraat (Paramaribo);https://commons.wikimedia.org/wiki/File:Heerenstraat,_Paramaribo_(titel_op_object),_NG-1994-65-2-5-2.jpg
NG-1994-65-2-8-2;Kankantrie Tourtonnelaan;title;Tourtonnelaan;Tourtonnelaan;Kankantrie Tourtonnelaan;;59;Suriname (Zuid-Amerika) | Paramaribo (stad) | Palmentuin;Suriname (Zuid-Amerika) | Paramaribo (stad) | Palmentuin;https://commons.wikimedia.org/wiki/File:Kankantrie_Tourtonnelaan_(titel_op_object),_NG-1994-65-2-8-2.jpg
NG-1994-65-2-7-2;Kankantrie Tourtonnelaan;title;Tourtonnelaan;Tourtonnelaan;Kankantrie Tourtonnelaan;;59;Suriname (Zuid-Amerika) | Plantage Tourtonne | Plantage Ma Retraite;Suriname (Zuid-Amerika) | Plantage Tourtonne | Plantage Ma Retraite;https://commons.wikimedia.org/wiki/File:Kankantrie_Tourtonnelaan_(titel_op_object),_NG-1994-65-2-7-2.jpg
NG-1994-65-2-40-1;Heerenstraat, Paramaribo;title;Heerenstraat;Heerenstraat;Heerenstraat, Paramaribo;Q107435472;58;Suriname (Zuid-Amerika) | Paramaribo (stad) | Heerenstraat (Paramaribo);Suriname (Zuid-Amerika) | Paramaribo (stad) | Heerenstraat (Paramaribo);https://commons.wikimedia.org/wiki/File:Heerenstraat,_Paramaribo_(titel_op_object),_NG-1994-65-2-40-1.jpg
NG-1994-65-2-40-2;Heerenstraat, Paramaribo;title;Heerenstraat;Heerenstraat;Heerenstraat, Paramaribo;Q107435472;58;Suriname (Zuid-Amerika) | Paramaribo (stad) | Heerenstraat (Paramaribo);Suriname (Zuid-Amerika) | Paramaribo (stad) | Heerenstraat (Paramaribo);https://commons.wikimedia.org/wiki/File:Heerenstraat,_Paramaribo_(titel_op_object),_NG-1994-65-2-40-2.jpg
NG-1994-65-2-39-2;Heerenstraat, Paramaribo;title;Heerenstraat;Heerenstraat;Heerenstraat, Paramaribo;Q107435472;58;Suriname (Zuid-Amerika) | Paramaribo (stad) | Heerenstraat (Paramaribo);Suriname (Zuid-Amerika) | Paramaribo (stad) | Heerenstraat (Paramaribo);https://commons.wikimedia.org/wiki/File:Heerenstraat,_Paramaribo_(titel_op_object),_NG-1994-65-2-39-2.jpg
NG-1994-65-2-39-3;Heerenstraat, Paramaribo;title;Heerenstraat;Heerenstraat;Heerenstraat, Paramaribo;Q107435472;58;Suriname (Zuid-Amerika) | Paramaribo (stad) | Heerenstraat (Paramaribo);Suriname (Zuid-Amerika) | Paramaribo (stad) | Heerenstraat (Paramaribo);https://commons.wikimedia.org/wiki/File:Heerenstraat,_Paramaribo_(titel_op_object),_NG-1994-65-2-39-3.jpg
NG-1994-65-3-1-3;Heerenstraat te Paramaribo;title;Heerenstraat;Heerenstraat;Heerenstraat te Paramaribo;Q107435472;58;Suriname (Zuid-Amerika) | Paramaribo (stad) | Heerenstraat (Paramaribo);Suriname (Zuid-Amerika) | Paramaribo (stad) | Heerenstraat (Paramaribo);
NG-1994-65-3-20-2;Badhuis bij Gouverneurskamp;description;Waterkant;Waterkant;Een badhuis in het oerwoud, met een ladder naar de waterkant, volgens het bijschrift bij Gouverneurskamp. Onderdeel van...;Q2512080;35;Suriname (Zuid-Amerika);Suriname (Zuid-Amerika);
NG-1994-65-3-19-2;Badhuis bij Gouverneurskamp;description;Waterkant;Waterkant;Een badhuis in het oerwoud, met een ladder naar de waterkant, volgens het bijschrift bij Gouverneurskamp. Onderdeel van...;Q2512080;35;Suriname (Zuid-Amerika);Suriname (Zuid-Amerika);
NG-1994-65-3-42-1;Van Kerkplein naar Watermolenstraat;title;Kerkplein;Kerkplein;Van Kerkplein naar Watermolenstraat;;55;Suriname (Zuid-Amerika) | Paramaribo (stad) | Watermolenstraat | Kerkplein (Paramaribo);Suriname (Zuid-Amerika) | Paramaribo (stad) | Watermolenstraat | Kerkplein (Paramaribo);
NG-1994-65-3-42-2;Hervormde kerk;description;Kerkplein;Kerkplein;Gezicht te Paramaribo op de Hervormde Kerk op het Kerkplein. Onderdeel van het fotoalbum Souvenir de Voyage (deel 3), o...;;35;Suriname (Zuid-Amerika) | Paramaribo (stad) | Kerkplein (Paramaribo) | Hervormde Kerk (Paramaribo);Suriname (Zuid-Amerika) | Paramaribo (stad) | Kerkplein (Paramaribo) | Hervormde Kerk (Paramaribo);
NG-1994-65-3-42-3;Gezicht uit ons huis op het Kerkplein;title;Kerkplein;Kerkplein;Gezicht uit ons huis op het Kerkplein;;55;Suriname (Zuid-Amerika) | Paramaribo (stad) | Plantage Ma Retraite | Kerkplein (Paramaribo);Suriname (Zuid-Amerika) | Paramaribo (stad) | Plantage Ma Retraite | Kerkplein (Paramaribo);
NG-1994-65-3-42-3;Gezicht uit ons huis op het Kerkplein;description;Oranjestraat;Oranjestraat;Gezicht te Paramaribo vanuit een woonhuis (mogelijk aan de Oranjestraat) op het Kerkplein. Onderdeel van het fotoalbum Souvenir de...;;38;Suriname (Zuid-Amerika) | Paramaribo (stad) | Plantage Ma Retraite | Kerkplein (Paramaribo);Suriname (Zuid-Amerika) | Paramaribo (stad) | Plantage Ma Retraite | Kerkplein (Paramaribo);
NG-1994-65-3-41-1;Van Kerkplein naar Watermolenstraat;title;Kerkplein;Kerkplein;Van Kerkplein naar Watermolenstraat;;55;Suriname (Zuid-Amerika) | Paramaribo (stad) | Watermolenstraat | Kerkplein (Paramaribo);Suriname (Zuid-Amerika) | Paramaribo (stad) | Watermolenstraat | Kerkplein (Paramaribo);
NG-1994-65-3-41-2;Hervormde kerk;description;Kerkplein;Kerkplein;Gezicht te Paramaribo op de Hervormde Kerk op het Kerkplein. Onderdeel van het fotoalbum Souvenir de Voyage (deel 3), o...;;35;Suriname (Zuid-Amerika) | Paramaribo (stad) | Kerkplein (Paramaribo) | Hervormde Kerk (Paramaribo);Suriname (Zuid-Amerika) | Paramaribo (stad) | Kerkplein (Paramaribo) | Hervormde Kerk (Paramaribo);
NG-1994-65-3-41-3;Gezicht uit ons huis op het Kerkplein;title;Kerkplein;Kerkplein;Gezicht uit ons huis op het Kerkplein;;55;Suriname (Zuid-Amerika) | Paramaribo (stad) | Plantage Ma Retraite | Kerkplein (Paramaribo);Suriname (Zuid-Amerika) | Paramaribo (stad) | Plantage Ma Retraite | Kerkplein (Paramaribo);
NG-1994-65-3-41-3;Gezicht uit ons huis op het Kerkplein;description;Oranjestraat;Oranjestraat;Gezicht te Paramaribo vanuit een woonhuis (mogelijk aan de Oranjestraat) op het Kerkplein. Onderdeel van het fotoalbum Souvenir de...;;38;Suriname (Zuid-Amerika) | Paramaribo (stad) | Plantage Ma Retraite | Kerkplein (Paramaribo);Suriname (Zuid-Amerika) | Paramaribo (stad) | Plantage Ma Retraite | Kerkplein (Paramaribo);
NG-1994-65-3-44-4;Aan het einde van den Grooten Combéweg;description;Grote Combeweg;Grote Combeweg;Grote Combeweg;Q107435485;40;Suriname (Zuid-Amerika) | Paramaribo (stad);Suriname (Zuid-Amerika) | Paramaribo (stad);
NG-1994-65-3-43-4;Aan het einde van den Grooten Combéweg;description;Grote Combeweg;Grote Combeweg;Grote Combeweg;Q107435485;40;Suriname (Zuid-Amerika) | Paramaribo (stad);Suriname (Zuid-Amerika) | Paramaribo (stad);
NG-1994-65-3-46-3;Heerenstraat, Paramaribo;title;Heerenstraat;Heerenstraat;Heerenstraat, Paramaribo;Q107435472;58;Suriname (Zuid-Amerika) | Paramaribo (stad) | Heerenstraat (Paramaribo);Suriname (Zuid-Amerika) | Paramaribo (stad) | Heerenstraat (Paramaribo);
NG-1994-65-3-45-3;Heerenstraat, Paramaribo;title;Heerenstraat;Heerenstraat;Heerenstraat, Paramaribo;Q107435472;58;Suriname (Zuid-Amerika) | Paramaribo (stad) | Heerenstraat (Paramaribo);Suriname (Zuid-Amerika) | Paramaribo (stad) | Heerenstraat (Paramaribo);
NG-1994-65-3-48-4;Aan het einde van den Grooten Combé;description;Grote Combeweg;Grote Combeweg;Grote Combeweg;Q107435485;40;Suriname (Zuid-Amerika) | Paramaribo (stad);Suriname (Zuid-Amerika) | Paramaribo (stad);
NG-1994-65-3-47-4;Aan het einde van den Grooten Combé;description;Grote Combeweg;Grote Combeweg;Grote Combeweg;Q107435485;40;Suriname (Zuid-Amerika) | Paramaribo (stad);Suriname (Zuid-Amerika) | Paramaribo (stad);
NG-1994-65-3-49-6;Heiligenweg;title;Heiligenweg;Heiligenweg;Heiligenweg;Q56492630;57;Suriname (Zuid-Amerika) | Paramaribo (stad);Suriname (Zuid-Amerika) | Paramaribo (stad);
NG-1994-65-3-50-3;Van Kerkplein naar Watermolenstraat;title;Kerkplein;Kerkplein;Van Kerkplein naar Watermolenstraat;;55;Suriname (Zuid-Amerika) | Paramaribo (stad) | Watermolenstraat | Kerkplein (Paramaribo);Suriname (Zuid-Amerika) | Paramaribo (stad) | Watermolenstraat | Kerkplein (Paramaribo);
NG-1994-65-4-3-2;Waterkant Albina;title;Waterkant;Waterkant;Waterkant Albina;Q2512080;55;Suriname (Zuid-Amerika) | Albina;Suriname (Zuid-Amerika) | Albina;https://commons.wikimedia.org/wiki/File:Waterkant_Albina_(titel_op_object).jpg
NG-1994-65-4-6-2;Albina;description;Waterkant;Waterkant;Gezicht op de Waterkant met huizen te Albina. Onderdeel van het fotoalbum Souvenir...;Q2512080;35;Suriname (Zuid-Amerika) | Albina;Suriname (Zuid-Amerika) | Albina;https://commons.wikimedia.org/wiki/File:Albina_(titel_op_object),_NG-1994-65-4-6-2.jpg
NG-1994-65-4-15-1;Pim op 20 Augustus 1908, tuin Kerkplein;title;Kerkplein;Kerkplein;Pim op 20 Augustus 1908, tuin Kerkplein;;55;Suriname (Zuid-Amerika) | Paramaribo (stad) | Plantage Ma Retraite | Kerkplein (Paramaribo);Suriname (Zuid-Amerika) | Paramaribo (stad) | Plantage Ma Retraite | Kerkplein (Paramaribo);
NG-1994-65-4-15-2;Pim op 20 Augustus 1908, tuin Kerkplein;title;Kerkplein;Kerkplein;Pim op 20 Augustus 1908, tuin Kerkplein;;55;Suriname (Zuid-Amerika) | Paramaribo (stad) | Plantage Ma Retraite | Kerkplein (Paramaribo);Suriname (Zuid-Amerika) | Paramaribo (stad) | Plantage Ma Retraite | Kerkplein (Paramaribo);
NG-1994-65-4-36-1;To onder waaierpalm, Kerkplein;title;Kerkplein;Kerkplein;To onder waaierpalm, Kerkplein;;55;Suriname (Zuid-Amerika) | Paramaribo (stad) | Plantage Ma Retraite | Kerkplein (Paramaribo);Suriname (Zuid-Amerika) | Paramaribo (stad) | Plantage Ma Retraite | Kerkplein (Paramaribo);https://commons.wikimedia.org/wiki/File:To_onder_waaierpalm,_Kerkplein_(titel_op_object),_NG-1994-65-4-36-1.jpg
NG-1994-65-4-35-1;To onder waaierpalm, Kerkplein;title;Kerkplein;Kerkplein;To onder waaierpalm, Kerkplein;;55;Suriname (Zuid-Amerika) | Paramaribo (stad) | Plantage Ma Retraite | Kerkplein (Paramaribo);Suriname (Zuid-Amerika) | Paramaribo (stad) | Plantage Ma Retraite | Kerkplein (Paramaribo);
NG-1994-65-4-44-2;To onder waaierpalm, Kerkplein;title;Kerkplein;Kerkplein;To onder waaierpalm, Kerkplein;;55;Suriname (Zuid-Amerika) | Paramaribo (stad) | Plantage Ma Retraite | Kerkplein (Paramaribo);Suriname (Zuid-Amerika) | Paramaribo (stad) | Plantage Ma Retraite | Kerkplein (Paramaribo);https://commons.wikimedia.org/wiki/File:To_onder_waaierpalm,_Kerkplein_(titel_op_object),_NG-1994-65-4-44-2.jpg
NG-1994-65-5-1-1;Badhuis bij Gouverneurskamp;description;Waterkant;Waterkant;Een badhuis in het oerwoud, met een ladder naar de waterkant, volgens het bijschrift bij Gouverneurskamp. Onderdeel van...;Q2512080;35;Suriname (Zuid-Amerika);Suriname (Zuid-Amerika);
NG-1994-65-5-4-3;Klipsteenstraat;title;Klipstenenstraat;Klipsteenstraat;Klipsteenstraat;;55;Suriname (Zuid-Amerika) | Paramaribo (stad) | Klipsteenstraat;Suriname (Zuid-Amerika) | Paramaribo (stad) | Klipsteenstraat;
NG-1994-65-5-3-3;Klipsteenstraat;title;Klipstenenstraat;Klipsteenstraat;Klipsteenstraat;;55;Suriname (Zuid-Amerika) | Paramaribo (stad) | Klipsteenstraat;Suriname (Zuid-Amerika) | Paramaribo (stad) | Klipsteenstraat;
NG-1994-65-5-6-4;Brug over mond Knuffelsgracht;description;Waterkant;Waterkant;...den aan de brug over het begin van de Knuffelsgracht bij de Waterkant te Paramaribo. Onderdeel van het fotoalbum Souvenir de Voya...;Q2512080;35;Suriname (Zuid-Amerika) | Paramaribo (stad) | Knuffelsgracht;Suriname (Zuid-Amerika) | Paramaribo (stad) | Knuffelsgracht;
NG-1994-65-5-5-4;Brug over mond Knuffelsgracht;description;Waterkant;Waterkant;...den aan de brug over het begin van de Knuffelsgracht bij de Waterkant te Paramaribo. Onderdeel van het fotoalbum Souvenir de Voya...;Q2512080;35;Suriname (Zuid-Amerika) | Paramaribo (stad) | Knuffelsgracht;Suriname (Zuid-Amerika) | Paramaribo (stad) | Knuffelsgracht;
NG-1994-65-5-38-3;Woekerplanten op palm in Tourtonnelaan;title;Tourtonnelaan;Tourtonnelaan;Woekerplanten op palm in Tourtonnelaan;;59;Suriname (Zuid-Amerika) | Paramaribo (stad) | Plantage Tourtonne;Suriname (Zuid-Amerika) | Paramaribo (stad) | Plantage Tourtonne;
NG-1994-65-5-37-3;Woekerplanten op palm in Tourtonnelaan;title;Tourtonnelaan;Tourtonnelaan;Woekerplanten op palm in Tourtonnelaan;;59;Suriname (Zuid-Amerika) | Paramaribo (stad) | Plantage Tourtonne;Suriname (Zuid-Amerika) | Paramaribo (stad) | Plantage Tourtonne;
NG-1994-65-5-40-4;Tourtonnelaan;title;Tourtonnelaan;Tourtonnelaan;Tourtonnelaan;;59;Suriname (Zuid-Amerika) | Paramaribo (stad) | Plantage Tourtonne;Suriname (Zuid-Amerika) | Paramaribo (stad) | Plantage Tourtonne;
NG-1994-65-5-39-4;Tourtonnelaan;title;Tourtonnelaan;Tourtonnelaan;Tourtonnelaan;;59;Suriname (Zuid-Amerika) | Paramaribo (stad) | Plantage Tourtonne;Suriname (Zuid-Amerika) | Paramaribo (stad) | Plantage Tourtonne;
NG-1994-65-5-46-3;Kankantrie, Tourtonnelaan;title;Tourtonnelaan;Tourtonnelaan;Kankantrie, Tourtonnelaan;;59;Suriname (Zuid-Amerika) | Plantage Tourtonne;Suriname (Zuid-Amerika) | Plantage Tourtonne;
NG-1994-65-5-45-3;Kankantrie, Tourtonnelaan;title;Tourtonnelaan;Tourtonnelaan;Kankantrie, Tourtonnelaan;;59;Suriname (Zuid-Amerika) | Plantage Tourtonne;Suriname (Zuid-Amerika) | Plantage Tourtonne;
NG-1994-65-5-49-1;Klipsteenstraat;title;Klipstenenstraat;Klipsteenstraat;Klipsteenstraat;;55;Suriname (Zuid-Amerika) | Paramaribo (stad) | Klipsteenstraat;Suriname (Zuid-Amerika) | Paramaribo (stad) | Klipsteenstraat;
RP-F-2009-282-10-2;De Gravenstraat;title;Gravenstraat;Gravenstraat;De Gravenstraat;;58;Paramaribo (stad) | Gravenstraat (Paramaribo);Paramaribo (stad) | Gravenstraat (Paramaribo);
RP-F-2009-282-13-1;Synagoge der Ned. Isr. Gem.;description;Keizerstraat;Keizerstraat;...aëlitische Gemeente, de huidige Synagoge Neve Shalom aan de Keizerstraat te Paramaribo. Fotoafdruk in een fotoalbum van Théodore van...;Q4115432;38;Paramaribo (stad) | Synagoge Neve Shalom;Paramaribo (stad) | Synagoge Neve Shalom;
RP-F-2009-282-13-1;Synagoge der Ned. Isr. Gem.;description;Nieuwe Keizerstraat;Keizerstraat;...aëlitische Gemeente, de huidige Synagoge Neve Shalom aan de Keizerstraat te Paramaribo. Fotoafdruk in een fotoalbum van Théodore van...;;32;Paramaribo (stad) | Synagoge Neve Shalom;Paramaribo (stad) | Synagoge Neve Shalom;
RP-F-2009-282-13-2;Kerk der Herv. Gem.;description;Kerkplein;Kerkplein;De kerk van de Hervormde Gemeente op het Kerkplein te Paramaribo. Fotoafdruk in een fotoalbum van Théodore van...;;35;Hervormde Kerk (Paramaribo) | Kerkplein (Paramaribo);Hervormde Kerk (Paramaribo) | Kerkplein (Paramaribo);
RP-F-2009-282-15;"Het Militair ""Te Huis"" (Gravenstraat)";title;Gravenstraat;Gravenstraat;"Het Militair ""Te Huis"" (Gravenstraat)";;58;Paramaribo (stad) | Gravenstraat (Paramaribo);Paramaribo (stad) | Gravenstraat (Paramaribo);
RP-F-2009-282-20;De Heerenstraat;title;Heerenstraat;Heerenstraat;De Heerenstraat;Q107435472;58;Heerenstraat (Paramaribo);Heerenstraat (Paramaribo);
RP-F-2009-282-21;Onze woning in de Gravenstraat (3 Mrt '95 - 16 Mrt 96);title;Gravenstraat;Gravenstraat;Onze woning in de Gravenstraat (3 Mrt '95 - 16 Mrt 96);;58;Paramaribo (stad) | Gravenstraat (Paramaribo);Paramaribo (stad) | Gravenstraat (Paramaribo);
RP-F-2009-282-22-1;Ons Intérieur;description;Gravenstraat;Gravenstraat;Interieur van het huis van het echtpaar Lelyveld aan de Gravenstraat te Paramaribo. Op de vloer voor de bank de hond Hector. Fot...;;38;Paramaribo (stad) | Gravenstraat (Paramaribo);Paramaribo (stad) | Gravenstraat (Paramaribo);
RP-F-2009-282-22-2;Ons Intérieur;description;Gravenstraat;Gravenstraat;Interieur van het huis van het echtpaar Lelyveld aan de Gravenstraat te Paramaribo. Fotoafdruk in een fotoalbum van Théodore van...;;38;Paramaribo (stad) | Gravenstraat (Paramaribo);Paramaribo (stad) | Gravenstraat (Paramaribo);
RP-F-2009-282-23-1;Ons Intérieur;description;Gravenstraat;Gravenstraat;Interieur van het huis van het echtpaar Lelyveld aan de Gravenstraat te Paramaribo. Fotoafdruk in een fotoalbum van Théodore van...;;38;Paramaribo (stad) | Gravenstraat (Paramaribo);Paramaribo (stad) | Gravenstraat (Paramaribo);
RP-F-2009-282-23-2;Ons Intérieur;description;Gravenstraat;Gravenstraat;Interieur van het huis van het echtpaar Lelyveld aan de Gravenstraat te Paramaribo. Op een kleed voor het bureau ligt de hond He...;;38;Paramaribo (stad) | Gravenstraat (Paramaribo);Paramaribo (stad) | Gravenstraat (Paramaribo);
RP-F-2009-282-24-1;Dolly en onze trouwe Hector;description;Gravenstraat;Gravenstraat;..., de vrouw van de fotograaf, staande achter het huis aan de Gravenstraat te Paramaribo, met de hond Hector. Fotoafdruk in een fotoal...;;38;Paramaribo (stad) | Gravenstraat (Paramaribo);Paramaribo (stad) | Gravenstraat (Paramaribo);
RP-F-2009-282-24-2;Idylle;description;Gravenstraat;Gravenstraat;...e vrouw van de fotograaf, in de tuin achter het huis aan de Gravenstraat te Paramaribo, met twee aapjes. Fotoafdruk in een fotoalbum...;;38;Paramaribo (stad) | Gravenstraat (Paramaribo);Paramaribo (stad) | Gravenstraat (Paramaribo);
RP-F-2009-282-25-1;Echtpaar Lelyveld;description;Gravenstraat;Gravenstraat;...veld en zijn vrouw Dolly, in de tuin achter het huis aan de Gravenstraat te Paramaribo, met twee aapjes en de hond Hector. Fotoafdru...;;38;Paramaribo (stad) | Gravenstraat (Paramaribo);Paramaribo (stad) | Gravenstraat (Paramaribo);
RP-F-2009-282-25-2;Echtpaar Lelyveld;description;Gravenstraat;Gravenstraat;...veld en zijn vrouw Dolly, in de tuin achter het huis aan de Gravenstraat te Paramaribo, met twee aapjes en de hond Hector. Fotoafdru...;;38;Paramaribo (stad) | Gravenstraat (Paramaribo);Paramaribo (stad) | Gravenstraat (Paramaribo);
RP-F-2009-282-25-3;Woningen achter het huis van Lelyveld aan de Gravenstraat te Paramaribo;title;Gravenstraat;Gravenstraat;Woningen achter het huis van Lelyveld aan de Gravenstraat te Paramaribo | Negerwoningen achter ons erf;;58;Paramaribo (stad) | Gravenstraat (Paramaribo);Paramaribo (stad) | Gravenstraat (Paramaribo);
RP-F-2009-282-26;"De batterij v/h Fort ""Zeelandia""";description;Kleine Combeweg;Bij Fort Zeelandia;Batterij van drie kanonnen bij Fort Zeelandia te Paramaribo. Fotoafdruk in een fotoalbum van Théodore van...;;38;Fort Zeelandia (Paramaribo);Fort Zeelandia (Paramaribo);
NG-1994-32-27;R.C. Kerk (Gravenstraat);title;Gravenstraat;Gravenstraat;R.C. Kerk (Gravenstraat);;58;Paramaribo (stad) | Gravenstraat (Paramaribo);Paramaribo (stad) | Gravenstraat (Paramaribo);https://commons.wikimedia.org/wiki/File:R.C._Kerk_(Gravenstraat)_(titel_op_object),_NG-1994-32-27.jpg
NG-1994-32-19-1;Kerkplein;title;Kerkplein;Kerkplein;Kerkplein;;55;Kerkplein (Paramaribo);Kerkplein (Paramaribo);https://commons.wikimedia.org/wiki/File:Kerkplein_(titel_op_object),_NG-1994-32-19-1.jpg
NG-1994-32-16-1;Waterkant Markt;title;Waterkant;Waterkant;Waterkant Markt;Q2512080;55;Paramaribo (stad);Paramaribo (stad);https://commons.wikimedia.org/wiki/File:Waterkant_Markt_(titel_op_object),_NG-1994-32-16-1.jpg
NG-1994-32-30;Noorderkerkstraat (Surinaamsche Bank);title;Noorderkerkstraat;Noorderkerkstraat;Noorderkerkstraat (Surinaamsche Bank);;63;Paramaribo (stad);Paramaribo (stad);https://commons.wikimedia.org/wiki/File:Noorderkerkstraat_(Surinaamsche_Bank)_(titel_op_object),_NG-1994-32-30.jpg
NG-2009-125-11;Familie op bed;description;Henck Arronstraat;Henck Arronstraat;...van Jacob Isaac Spiering aan de Gravenstraat (tegenwoordig Henck Arronstraat) tegenover het Bisschopshuis in Paramaribo. De vrouw rechts...;Q2794939;43;Suriname (Zuid-Amerika) | Plantage Morgenstond | Plantage Clevia;Suriname (Zuid-Amerika) | Plantage Morgenstond | Plantage Clevia;https://commons.wikimedia.org/wiki/File:Familie_op_bed,_NG-2009-125-11.jpg
NG-2009-125-11;Familie op bed;description;Gravenstraat;Gravenstraat;...ijnlijk genomen in het huis van Jacob Isaac Spiering aan de Gravenstraat (tegenwoordig Henck Arronstraat) tegenover het Bisschopshui...;;38;Suriname (Zuid-Amerika) | Plantage Morgenstond | Plantage Clevia;Suriname (Zuid-Amerika) | Plantage Morgenstond | Plantage Clevia;https://commons.wikimedia.org/wiki/File:Familie_op_bed,_NG-2009-125-11.jpg
NG-2009-129-21-2;Op Morgenstond;description;Waterkant;Waterkant;Aan de waterkant op plantage Morgenstond. Onderdeel van het Lloyd fotoalbum...;Q2512080;35;Suriname (Zuid-Amerika) | Plantage Morgenstond;Suriname (Zuid-Amerika) | Plantage Morgenstond;
RP-F-BR-2011-1-3;Paramaribo, Jodenbreestraat;title;Jodenbreestraat;Jodenbreestraat;Paramaribo, Jodenbreestraat | Frimangron;Q98124865;61;Paramaribo (stad);Paramaribo (stad);
RP-F-BR-2011-1-55;Erf aan de Heiligenweg, Paramaribo 1975;title;Heiligenweg;Heiligenweg;Erf aan de Heiligenweg, Paramaribo 1975 | Frimangron;Q56492630;57;Paramaribo (stad);Paramaribo (stad);
RP-F-BR-2011-1-56;"Achter het mooie voorhuis staan de erfkrotten; Heiligenweg";title;Heiligenweg;Heiligenweg;"Achter het mooie voorhuis staan de erfkrotten; Heiligenweg | Frimangron";Q56492630;57;Paramaribo (stad);Paramaribo (stad);
RP-F-BR-2011-1-197;Zwartenhovenbrugstraat te Paramaribo;title;Zwartenhovenbrugstraat;Zwartenhovenbrugstraat;Zwartenhovenbrugstraat te Paramaribo | Frimangron;Q57340919;66;Paramaribo (stad);Paramaribo (stad);
RP-F-BR-2011-1-199;De kerk van de Evangelische Broeder Gemeente in de Steenbakkerijstraat;title;Steenbakkerijstraat;Steenbakkerijstraat;De kerk van de Evangelische Broeder Gemeente in de Steenbakkerijstraat | Frimangron;Q107435476;65;Suriname (Zuid-Amerika);Suriname (Zuid-Amerika);
NG-1064-3;Fort Zeelandia te Paramaribo;description;Tamarindelaan;Tamarindelaan;...ia te Paramaribo in Suriname. Op de plaat staan aangegeven: Tamarindelaan, officierswoningen en de Pont. Onderdeel van het plaatwerk...;;39;Suriname (Zuid-Amerika) | Fort Zeelandia (Paramaribo);Suriname (Zuid-Amerika) | Fort Zeelandia (Paramaribo);https://commons.wikimedia.org/wiki/File:Fort_Zeelandia_te_Paramaribo_Suriname._Gezigt_op_het_Fort_Zelandia_te_Paramaribo_(titel_op_object),_NG-1064-3.jpg
NG-1064-5;Waterkant en rede te Paramaribo;description;Kromme Elleboogstraat;Kromme Elleboogstraat;...at, Steenbakkersgracht, Breestraat, de Waag, Keizersstraat, Kromme Elleboogstraat en de Oranjestraat. Onderdeel van het plaatwerk 'Gezigten u...;Q107435467;46;Suriname (Zuid-Amerika) | Surinamerivier | Waterkant | Paramaribo (stad);Suriname (Zuid-Amerika) | Surinamerivier | Waterkant | Paramaribo (stad);https://commons.wikimedia.org/wiki/File:Waterkant_en_rede_te_Paramaribo_Suriname._Gezigt_op_de_Waterkant_en_reede_van_Paramaribo_(titel_op_object),_NG-1064-5.jpg
NG-1064-5;Waterkant en rede te Paramaribo;description;Steenbakkersgracht;Steenbakkersgracht;...laat staan de volgende straten aangegeven: Saramaccastraat, Steenbakkersgracht, Breestraat, de Waag, Keizersstraat, Kromme Elleboogstraat...;;44;Suriname (Zuid-Amerika) | Surinamerivier | Waterkant | Paramaribo (stad);Suriname (Zuid-Amerika) | Surinamerivier | Waterkant | Paramaribo (stad);https://commons.wikimedia.org/wiki/File:Waterkant_en_rede_te_Paramaribo_Suriname._Gezigt_op_de_Waterkant_en_reede_van_Paramaribo_(titel_op_object),_NG-1064-5.jpg
NG-1064-5;Waterkant en rede te Paramaribo;description;Saramaccastraat;Saramaccastraat;...artuigen. Op de plaat staan de volgende straten aangegeven: Saramaccastraat, Steenbakkersgracht, Breestraat, de Waag, Keizersstraat, Kr...;Q107435480;41;Suriname (Zuid-Amerika) | Surinamerivier | Waterkant | Paramaribo (stad);Suriname (Zuid-Amerika) | Surinamerivier | Waterkant | Paramaribo (stad);https://commons.wikimedia.org/wiki/File:Waterkant_en_rede_te_Paramaribo_Suriname._Gezigt_op_de_Waterkant_en_reede_van_Paramaribo_(titel_op_object),_NG-1064-5.jpg
NG-2009-128-4-3;Maria Gonggrijp, zittend aan de waterkant;title;Waterkant;Waterkant;Maria Gonggrijp, zittend aan de waterkant;Q2512080;55;Suriname (Zuid-Amerika) | Plantage Clevia;Suriname (Zuid-Amerika) | Plantage Clevia;https://commons.wikimedia.org/wiki/File:Maria_Gonggrijp,_zittend_aan_de_waterkant,_NG-2009-128-4-3.jpg
NG-2009-124-17-3;Jodenbreestraat in Paramaribo;title;Jodenbreestraat;Jodenbreestraat;Jodenbreestraat in Paramaribo;Q98124865;61;Paramaribo (stad) | Jodenbreestraat (Paramaribo);Paramaribo (stad) | Jodenbreestraat (Paramaribo);https://commons.wikimedia.org/wiki/File:Jodenbreestraat_in_Paramaribo,_NG-2009-124-17-3.jpg
NG-2009-124-23-1;Groepsfoto;description;Gravenstraat;Gravenstraat;Groepsfoto in het huis van Dr. van Hall in de Gravenstraat: Dhr. van der Werk, Andries Boom, Freule de Jonge en Dr. va...;;38;Paramaribo (stad);Paramaribo (stad);https://commons.wikimedia.org/wiki/File:Groepsfoto,_NG-2009-124-23-1.jpg
NG-2009-124-23-2;Groepsfoto;description;Gravenstraat;Gravenstraat;Groepsfoto in het huis van Dr. van Hall in de Gravenstraat: Andries Boom, Dr. van Hall en Dhr. van der Werk. Paramarib...;;38;Paramaribo (stad);Paramaribo (stad);https://commons.wikimedia.org/wiki/File:Groepsfoto,_NG-2009-124-23-2.jpg
NG-2009-124-24-1;Groepsfoto;description;Gravenstraat;Gravenstraat;Groepsfoto in het huis van Dr. van Hall in de Gravenstraat: Dhr. van der Werk, Dr. van Hall en Andries Boom. Paramarib...;;38;Paramaribo (stad);Paramaribo (stad);https://commons.wikimedia.org/wiki/File:Groepsfoto,_NG-2009-124-24-1.jpg
NG-2009-124-24-2;Groepsfoto op de veranda;description;Gravenstraat;Gravenstraat;...roepsfoto op de veranda van het huis van Dr. van Hall in de Gravenstraat: Freule de Jonge, Dhr. van der Werk, Dr. van Hall en Andrie...;;38;Paramaribo (stad);Paramaribo (stad);https://commons.wikimedia.org/wiki/File:Groepsfoto_op_de_veranda,_NG-2009-124-24-2.jpg
NG-2009-124-26-2;Groepsfoto in de Gravenstraat;title;Gravenstraat;Gravenstraat;Groepsfoto in de Gravenstraat;;58;Paramaribo (stad);Paramaribo (stad);https://commons.wikimedia.org/wiki/File:Groepsfoto_in_de_Gravenstraat,_NG-2009-124-26-2.jpg
NG-2009-124-27-1;Wagen bij de loods van de KWIM;description;Jodenbreestraat;Jodenbreestraat;...ard en wagen voor de ingang naar de loods van de KWIM in de Jodenbreestraat te Paramaribo, oktober 1908. Onderdeel van het fotoalbum va...;Q98124865;41;Paramaribo (stad) | Jodenbreestraat (Paramaribo);Paramaribo (stad) | Jodenbreestraat (Paramaribo);https://commons.wikimedia.org/wiki/File:Paardenkar_bij_de_loods_van_de_KWIM,_NG-2009-124-27-1.jpg
NG-2009-124-27-4;Groepsfoto in de Gravenstraat;title;Gravenstraat;Gravenstraat;Groepsfoto in de Gravenstraat;;58;Paramaribo (stad);Paramaribo (stad);https://commons.wikimedia.org/wiki/File:Groepsfoto_in_de_Gravenstraat,_NG-2009-124-27-4.jpg
NG-2009-124-56-1;Sarakreek;description;Waterkant;Waterkant;Gezelschap bij de rotsen aan de waterkant van de Sarakreek, september 1911. Onderdeel van het fotoalb...;Q2512080;35;Suriname (Zuid-Amerika);Suriname (Zuid-Amerika);https://commons.wikimedia.org/wiki/File:Sarakreek,_NG-2009-124-56-1.jpg
NG-2009-124-56-3;Sarakreek;description;Waterkant;Waterkant;Gezelschap bij de rotsen aan de waterkant van de Sarakreek, september 1911. Onderdeel van het fotoalb...;Q2512080;35;Suriname (Zuid-Amerika);Suriname (Zuid-Amerika);https://commons.wikimedia.org/wiki/File:Sarakreek,_NG-2009-124-56-3.jpg
NG-2013-22-24;Fotoalbum Suriname;description;Waterkant;Waterkant;...o’s tonen feestelijkheden bij het gouvernementspaleis en de waterkant en een bezoek aan een landbouwtentoonstelling.;Q2512080;35;Suriname (Zuid-Amerika);Suriname (Zuid-Amerika);
NG-2013-22-30;Wandelaarsters in Paramaribo, Kerkstraat met Hervormde kerk op de achtergrond;title;Kerkstraat;Kerkstraat;Wandelaarsters in Paramaribo, Kerkstraat met Hervormde kerk op de achtergrond;;56;Paramaribo (stad) | Kerkstraat (Paramaribo);Paramaribo (stad) | Kerkstraat (Paramaribo);https://commons.wikimedia.org/wiki/File:Wandelaarsters_in_Paramaribo,_Kerkstraat_met_Hervormde_kerk_op_de_achtergrond,_NG-2013-22-30.jpg
NG-2015-4-5;Groep boerenkolonisten in Suriname, waarschijnlijk de familie Taminga;description;Gemenelandsweg;Landsweg;...n waarschijnlijk gefotografeerd bij hun huis aan de Gemeene Landsweg bij Paramaribo. Samen met zijn vriend dr. C. Hoekstra verdi...;Q107435498;28;Suriname (Zuid-Amerika);Suriname (Zuid-Amerika);https://commons.wikimedia.org/wiki/File:Groep_boerenkolonisten_in_Suriname,_waarschijnlijk_de_familie_Taminga_Boeren_(titel_op_object),_NG-2015-4-5.jpg
RP-F-F00938-1;Heerenstraat in Paramaribo met bomen en voorbijgangers;title;Heerenstraat;Heerenstraat;Heerenstraat in Paramaribo met bomen en voorbijgangers | Paramaribo. Hee...;Q107435472;58;Suriname (Zuid-Amerika) | Paramaribo (stad) | Heerenstraat (Paramaribo);Suriname (Zuid-Amerika) | Paramaribo (stad) | Heerenstraat (Paramaribo);https://commons.wikimedia.org/wiki/File:Heerenstraat_in_Paramaribo_met_bomen_en_voorbijgangers_Paramaribo._Heerenstraat._(titel_op_object),_RP-F-F00938-1.jpg
RP-F-F00938-11;Steenbakkerijstraat in Paramaribo met palmen en voorbijgangers;title;Steenbakkerijstraat;Steenbakkerijstraat;Steenbakkerijstraat in Paramaribo met palmen en voorbijgangers | Paramaribo. St...;Q107435476;65;Suriname (Zuid-Amerika) | Paramaribo (stad);Suriname (Zuid-Amerika) | Paramaribo (stad);https://commons.wikimedia.org/wiki/File:Steenbakkerijstraat_in_Paramaribo_met_palmen_en_voorbijgangers_Paramaribo._Steenbakkerystraat._(titel_op_object),_RP-F-F00938-11.jpg
RP-F-F00938-12;Gezicht op de Saramaccastraat met brug en kerk;title;Saramaccastraat;Saramaccastraat;Gezicht op de Saramaccastraat met brug en kerk | Paramaribo. Saramaccastraat.;Q107435480;61;Suriname (Zuid-Amerika) | Paramaribo (stad);Suriname (Zuid-Amerika) | Paramaribo (stad);https://commons.wikimedia.org/wiki/File:Gezicht_op_de_Saramaccastraat_met_brug_en_kerk_Paramaribo._Saramaccastraat._(titel_op_object),_RP-F-F00938-12.jpg
RP-F-F00938-13;Maagdenstraat in Paramaribo met bomen en voorbijgangers;title;Maagdenstraat;Maagdenstraat;Maagdenstraat in Paramaribo met bomen en voorbijgangers | Paramaribo. Maa...;Q107435475;59;Suriname (Zuid-Amerika) | Paramaribo (stad);Suriname (Zuid-Amerika) | Paramaribo (stad);https://commons.wikimedia.org/wiki/File:Maagdenstraat_in_Paramaribo_met_bomen_en_voorbijgangers_Paramaribo._Maagdenstraat._(titel_op_object),_RP-F-F00938-13.jpg
RP-F-F00938-15;Gezicht op de Gravenstraat en de St. Petrus en Pauluskerk in Paramaribo vanaf een toren;title;Gravenstraat;Gravenstraat;Gezicht op de Gravenstraat en de St. Petrus en Pauluskerk in Paramaribo vanaf een tore...;;58;Suriname (Zuid-Amerika) | Paramaribo (stad);Suriname (Zuid-Amerika) | Paramaribo (stad);https://commons.wikimedia.org/wiki/File:Gezicht_op_de_Gravenstraat_en_de_St._Petrus_en_Pauluskerk_in_Paramaribo_vanaf_een_toren_Paramaribo._Gravenstraat-_R.C._kerk._(van_den_toren_gezien.)_(titel_op_object),_RP-F-F00938-15.jpg
RP-F-2016-47-1;Paramaribo, Jodenbreestraat. 1975;title;Jodenbreestraat;Jodenbreestraat;Paramaribo, Jodenbreestraat. 1975 | Dutch Caribbean;Q98124865;61;Paramaribo (stad);Paramaribo (stad);
NG-2016-50-18;Gravenstraat in Paramaribo;title;Gravenstraat;Gravenstraat;Gravenstraat in Paramaribo;;58;Paramaribo (stad) | Gravenstraat (Paramaribo);Paramaribo (stad) | Gravenstraat (Paramaribo);https://commons.wikimedia.org/wiki/File:Prentbriefkaart_uit_album_'Als_aandenken_aan_Suriname',_NG-2016-50-18.jpg
NG-2016-50-26;Heerenstraat;title;Heerenstraat;Heerenstraat;Heerenstraat | Paramaribo. Heerenstraat (Oostelijk gedeelte);Q107435472;58;Paramaribo (stad) | Heerenstraat (Paramaribo);Paramaribo (stad) | Heerenstraat (Paramaribo);https://commons.wikimedia.org/wiki/File:Prentbriefkaart_uit_album_'Als_aandenken_aan_Suriname',_NG-2016-50-26.jpg
NG-2016-50-43;Combékerk aan de Grote Combeweg;title;Grote Combeweg;Grote Combeweg;Combékerk aan de Grote Combeweg | Kerk en School aan de Mariastraat;Q107435485;60;Paramaribo (stad) | Combé | Combékerk;Paramaribo (stad) | Combé | Combékerk;https://commons.wikimedia.org/wiki/File:Prentbriefkaart_uit_album_'Als_aandenken_aan_Suriname',_NG-2016-50-43.jpg
NG-2016-50-43;Combékerk aan de Grote Combeweg;title;Mariestraat;Mariastraat;Combékerk aan de Grote Combeweg | Kerk en School aan de Mariastraat;;51;Paramaribo (stad) | Combé | Combékerk;Paramaribo (stad) | Combé | Combékerk;https://commons.wikimedia.org/wiki/File:Prentbriefkaart_uit_album_'Als_aandenken_aan_Suriname',_NG-2016-50-43.jpg
NG-2016-50-46;Politiebureau in Paramaribo;description;Watermolenstraat;Watermolenstraat;Het Hoofdbureau van de politie aan de Waterkant, kruising Watermolenstraat, in Paramaribo. Onderdeel van een verzameling van 68 briefk...;Q107435473;42;Paramaribo (stad) | Waterkant;Paramaribo (stad) | Waterkant;https://commons.wikimedia.org/wiki/File:Prentbriefkaart_uit_album_'Als_aandenken_aan_Suriname',_NG-2016-50-46.jpg
NG-2016-50-48;Kantoor van de Koloniale Spoorwegen;title;Nieuwe Keizerstraat;Keizerstraat;Kantoor van de Koloniale Spoorwegen | Keizerstraat. Kantoor der Kol. Spoorwegen. Paramaribo, Suriname;;52;Paramaribo (stad) | Keizerstraat;Paramaribo (stad) | Keizerstraat;https://commons.wikimedia.org/wiki/File:Prentbriefkaart_uit_album_'Als_aandenken_aan_Suriname',_NG-2016-50-48.jpg
NG-2016-53-30;Rust en Vredestraat in de wijk Frimangron;title;Rust en Vredestraat;Rust en Vredestraat;Rust en Vredestraat in de wijk Frimangron;;65;Frimangron;Frimangron;
NG-2011-18-28-23;Gezicht op het Oranjeplein met een standbeeld van Wilhelmina in Paramaribo;title;Oranjeplein;Oranjeplein;Gezicht op het Oranjeplein met een standbeeld van Wilhelmina in Paramaribo;;57;Oranjeplein (Paramaribo);Oranjeplein (Paramaribo);
NG-2011-18-28-35;Gezicht op het Oranjeplein met een standbeeld van Jopie Pengel in Paramaribo;title;Oranjeplein;Oranjeplein;Gezicht op het Oranjeplein met een standbeeld van Jopie Pengel in Paramaribo;;57;Oranjeplein (Paramaribo);Oranjeplein (Paramaribo);
NG-2015-4-1-7;Hoek Gravenstraat en Gouvernementplein;title;Gravenstraat;Gravenstraat;Hoek Gravenstraat en Gouvernementplein;;58;Suriname (Zuid-Amerika) | Paramaribo (stad) | Gravenstraat (Paramaribo) | Gouvernementsplein;Suriname (Zuid-Amerika) | Paramaribo (stad) | Gravenstraat (Paramaribo) | Gouvernementsplein;https://commons.wikimedia.org/wiki/File:Hoek_Gravenstraat_en_Gouvernementplein_(titel_op_object),_NG-2015-4-1-7.jpg
NG-2015-4-1-16;R.K. Kerk, Gravenstraat;title;Gravenstraat;Gravenstraat;R.K. Kerk, Gravenstraat;;58;Suriname (Zuid-Amerika) | Paramaribo (stad) | Gravenstraat (Paramaribo) | Sint-Petrus-en-Pauluskathedraal;Suriname (Zuid-Amerika) | Paramaribo (stad) | Gravenstraat (Paramaribo) | Sint-Petrus-en-Pauluskathedraal;https://commons.wikimedia.org/wiki/File:R.K._Kerk,_Gravenstraat,_NG-2015-4-1-16.jpg
NG-2015-4-1-18;Heerenstraat, hoek Oranjestraat;title;Heerenstraat;Heerenstraat;Heerenstraat, hoek Oranjestraat;Q107435472;58;Suriname (Zuid-Amerika) | Paramaribo (stad) | Heerenstraat (Paramaribo) | Oranjestraat | Onafhankelijkheidsplein;Suriname (Zuid-Amerika) | Paramaribo (stad) | Heerenstraat (Paramaribo) | Oranjestraat | Onafhankelijkheidsplein;https://commons.wikimedia.org/wiki/File:Heerenstraat,_hoek_Oranjestraat,_NG-2015-4-1-18.jpg
NG-2015-4-1-27;Gravenstraat by de Pastorie;title;Gravenstraat;Gravenstraat;Gravenstraat by de Pastorie;;58;Suriname (Zuid-Amerika) | Paramaribo (stad) | Gravenstraat (Paramaribo);Suriname (Zuid-Amerika) | Paramaribo (stad) | Gravenstraat (Paramaribo);https://commons.wikimedia.org/wiki/File:Gravenstraat_by_de_Pastorie,_NG-2015-4-1-27.jpg
NG-2015-4-1-27;Gravenstraat by de Pastorie;description;Henck Arronstraat;Henck Arronstraat;Gezicht in de Gravenstraat (nu Henck Arronstraat) in Paramaribo.;Q2794939;43;Suriname (Zuid-Amerika) | Paramaribo (stad) | Gravenstraat (Paramaribo);Suriname (Zuid-Amerika) | Paramaribo (stad) | Gravenstraat (Paramaribo);https://commons.wikimedia.org/wiki/File:Gravenstraat_by_de_Pastorie,_NG-2015-4-1-27.jpg
NG-2015-4-1-30;Heerenstraat;title;Heerenstraat;Heerenstraat;Heerenstraat;Q107435472;58;Suriname (Zuid-Amerika) | Paramaribo (stad) | Heerenstraat (Paramaribo);Suriname (Zuid-Amerika) | Paramaribo (stad) | Heerenstraat (Paramaribo);https://commons.wikimedia.org/wiki/File:Heerenstraat,_NG-2015-4-1-30.jpg
NG-2015-4-1-36;Chineesch Hotel;description;Dr. Sophie Redmondstraat;Dr. Sophie Redmondstraat;...ning van de Chinese Sociëteit aan de Steenbakkersgracht (nu Dr. Sophie Redmondstraat), te Paramaribo. 1885. De Chinese Sociëteit ofwel het Veren...;Q107435482;46;Suriname (Zuid-Amerika) | Paramaribo (stad) | Steenbakkerstraat | Chinese Sociëteit;Suriname (Zuid-Amerika) | Paramaribo (stad) | Steenbakkerstraat | Chinese Sociëteit;https://commons.wikimedia.org/wiki/File:Chineesch_Hotel_(titel_op_object),_NG-2015-4-1-36.jpg
NG-2015-4-1-36;Chineesch Hotel;description;Steenbakkersgracht;Steenbakkersgracht;Opening van de Chinese Sociëteit aan de Steenbakkersgracht (nu Dr. Sophie Redmondstraat), te Paramaribo. 1885. De Chin...;;44;Suriname (Zuid-Amerika) | Paramaribo (stad) | Steenbakkerstraat | Chinese Sociëteit;Suriname (Zuid-Amerika) | Paramaribo (stad) | Steenbakkerstraat | Chinese Sociëteit;https://commons.wikimedia.org/wiki/File:Chineesch_Hotel_(titel_op_object),_NG-2015-4-1-36.jpg
NG-2015-4-1-47;Herrnhutterkerk, uitgang;description;Steenbakkerijstraat;Steenbakkerijstraat;...Grote Stadskerk van de Evangelische Broedergemeente aan de Steenbakkerijstraat te Paramaribo.;Q107435476;45;Suriname (Zuid-Amerika) | Paramaribo (stad) | Grote Stadskerk;Suriname (Zuid-Amerika) | Paramaribo (stad) | Grote Stadskerk;https://commons.wikimedia.org/wiki/File:Herrnhutterkerk,_uitgang_(titel_op_object),_NG-2015-4-1-47.jpg
RP-P-2018-3148;Gezicht op de Waterkant te Paramaribo;title;Waterkant;Waterkant;Gezicht op de Waterkant te Paramaribo | Paramaribo;Q2512080;55;Paramaribo (stad);Paramaribo (stad);https://commons.wikimedia.org/wiki/File:Gezicht_op_de_kade_en_haven_van_Paramaribo_aan_de_Suriname_Rivier,_RP-P-2018-3148.jpg
NG-2008-48-19;Menigte en feestavond;description;Waterkant;Waterkant;...et twee foto's: een menigte verzameld op een steiger aan de waterkant en een optreden van iemand verkleed in koto op een feestavo...;Q2512080;35;Suriname (Zuid-Amerika) | Albina | Moengo;Suriname (Zuid-Amerika) | Albina | Moengo;
NG-2009-36-20;Dansen en Heerenstraat;title;Heerenstraat;Heerenstraat;Dansen en Heerenstraat;Q107435472;58;Paramaribo (stad) | Heerenstraat (Paramaribo);Paramaribo (stad) | Heerenstraat (Paramaribo);
RP-F-00-24113;Stadsgezicht Paramaribo Visverkoper op de Onoverdekte Markt aan de Waterkant.;title;Waterkant;Waterkant;...zicht Paramaribo Visverkoper op de Onoverdekte Markt aan de Waterkant.;Q2512080;55;Paramaribo (stad);Paramaribo (stad);
NG-2022-1-2-2235;Paramaribo (Suriname) : Waterkant;title;Waterkant;Waterkant;Paramaribo (Suriname) : Waterkant;Q2512080;55;Paramaribo (stad);Paramaribo (stad);
NG-2022-1-2-2236;De houtmarkt aan den Waterkant. Paramaribo;title;Waterkant;Waterkant;De houtmarkt aan den Waterkant. Paramaribo;Q2512080;55;Paramaribo (stad);Paramaribo (stad);
NG-2022-1-2-2244;Kroningsfeest. Kinderen der Openbare School zingende op het Gouvernementsplein. Paramaribo;title;Gouvernementsplein;Gouvernementsplein;Kroningsfeest. Kinderen der Openbare School zingende op het Gouvernementsplein. Paramaribo;;64;Paramaribo (stad);Paramaribo (stad);
NG-2025-20;Fotoalbum met stadsgezichten van Paramaribo;description;Gouvernementsplein;Gouvernementsplein;...del Castilho. Het album bevat foto's van de Waterkant, het Gouvernementsplein, de rede van Paramaribo, de Watermolenstraat, de markt aan...;;44;Paramaribo (stad);Paramaribo (stad);
NG-2025-20;Fotoalbum met stadsgezichten van Paramaribo;description;Watermolenstraat;Watermolenstraat;...terkant, het Gouvernementsplein, de rede van Paramaribo, de Watermolenstraat, de markt aan de Heiligenweg voor de overdekking, de Keizer...;Q107435473;42;Paramaribo (stad);Paramaribo (stad);
NG-2025-20;Fotoalbum met stadsgezichten van Paramaribo;description;Saramaccastraat;Saramaccastraat;...g voor de overdekking, de Keizersstraat, de Heiligenweg, de Saramaccastraat, de Lutherse kerk, de Grote Stadskerk van de Hernhutters, d...;Q107435480;41;Paramaribo (stad);Paramaribo (stad);
NG-2022-1-3-3;Gezicht op de Heerenstraat te Paramaribo;title;Heerenstraat;Heerenstraat;Gezicht op de Heerenstraat te Paramaribo;Q107435472;58;Heerenstraat (Paramaribo);Heerenstraat (Paramaribo);
NG-2022-1-3-5;Gezicht op een begrafenisstoet in vermoedelijk de Heerenstraat te Paramaribo;title;Heerenstraat;Heerenstraat;Gezicht op een begrafenisstoet in vermoedelijk de Heerenstraat te Paramaribo;Q107435472;58;Heerenstraat (Paramaribo);Heerenstraat (Paramaribo);
NG-2022-1-3-6;Gezicht op de Keizerstraat te Paramaribo;title;Nieuwe Keizerstraat;Keizerstraat;Gezicht op de Keizerstraat te Paramaribo;;52;Keizerstraat;Keizerstraat;
NG-2022-1-3-10;Gezicht op de Heerenstraat te Paramaribo;title;Heerenstraat;Heerenstraat;Gezicht op de Heerenstraat te Paramaribo;Q107435472;58;Heerenstraat (Paramaribo);Heerenstraat (Paramaribo);
NG-2022-31-32;Gezicht op begraafplaats Nieuwe Oranjetuin, buiten Paramaribo;title;Oranjetuin;Oranjetuin;Gezicht op begraafplaats Nieuwe Oranjetuin, buiten Paramaribo | Vue du Cimetière d'Orange à Paramaribo...;;56;Nieuwe Oranjetuin (begraafplaats);Nieuwe Oranjetuin (begraafplaats);
NG-2022-1-11-5;Gezicht op de Heerenstraat in Paramaribo, Suriname;title;Heerenstraat;Heerenstraat;Gezicht op de Heerenstraat in Paramaribo, Suriname;Q107435472;58;Heerenstraat (Paramaribo);Heerenstraat (Paramaribo);
NG-2025-20-2;Gouvernementsplein in Paramaribo;title;Gouvernementsplein;Gouvernementsplein;Gouvernementsplein in Paramaribo | De Gouvernements bureaux;;64;Hof van Justitie | Administratie van Financiën | Huis Du Plessis;Hof van Justitie | Administratie van Financiën | Huis Du Plessis;
NG-2025-20-3;Woonhuizen aan het Gouvernementsplein in Paramaribo;description;Waterkant;Waterkant;...uizen aan het Gouvernementsplein, gezien vanaf het hoekhuis Waterkant 1 (links) tot de verlengde Herenstraat. Deze foto maakt dee...;Q2512080;35;Gouvernementsplein;Gouvernementsplein;
NG-2025-20-3;Woonhuizen aan het Gouvernementsplein in Paramaribo;description;Heerenstraat;Herenstraat;...ien vanaf het hoekhuis Waterkant 1 (links) tot de verlengde Herenstraat. Deze foto maakt deel uit van een album.;Q107435472;31;Gouvernementsplein;Gouvernementsplein;
NG-2025-20-9;Gezicht op de Keizerstraat in Paramaribo;title;Nieuwe Keizerstraat;Keizerstraat;Gezicht op de Keizerstraat in Paramaribo | De Keizerstraat;;52;Keizerstraat;Keizerstraat;
NG-2025-20-13;Grote Stadskerk in Paramaribo;description;Steenbakkerijstraat;Steenbakkerijstraat;...rk van de Evangelische Broedergemeente (Hernhutters) aan de Steenbakkerijstraat in Paramaribo. Deze foto maakt deel uit van een album.;Q107435476;45;Grote Stadskerk;Grote Stadskerk;
NG-2025-20-17;Begraafplaats de Nieuwe Oranjetuin in Paramaribo;title;Oranjetuin;Oranjetuin;Begraafplaats de Nieuwe Oranjetuin in Paramaribo | Het Kerkhof;;56;Nieuwe Oranjetuin (begraafplaats);Nieuwe Oranjetuin (begraafplaats);
NG-2022-31-39;Voorstellingen in Zuid-Amerika;description;Kerkplein;Kerkplein;...rstellingen in Zuid-Amerika. In het midden een markt op het Kerkplein in Paramaribo. Rondom (met de klok mee): interieur van een...;;35;Paramaribo (stad) | Saint-Pierre (Martinique) | Havana | Cuba;Paramaribo (stad) | Saint-Pierre (Martinique) | Havana | Cuba;