recordnummer;term;match_wiki;Qids;broader_term;wikidata;PID_overige.URI;PID_overige.URI2;PID_overige.URI3;wiki_id;wiki_id_broader;wiki_id_query;coords
103859;Administratie van Financiën;Onafhankelijkheidsplein 3, Paramaribo;http://www.wikidata.org/entity/Q56435243;Paramaribo (stad);http://www.wikidata.org/entity/Q56435243;;;;Q56435243;;wd:Q56435243;Point(-55.152306 5.826667)
99558;Albina;Albina;http://www.wikidata.org/entity/Q580016;Marowijne;http://www.wikidata.org/entity/Q580016;http://vocab.getty.edu/tgn/1024824;;;Q580016;;wd:Q580016;Point(-54.05 5.5)
559591;Avondschool voor Handwerkslieden;Avondschool voor Handwerkslieden;;Paramaribo (stad);;;;;;Q3001;wd:Q3001;Point(-55.166666666 5.866666666)
561443;Berg en Dal (Suriname);;;Suriname (Zuid-Amerika);http://www.wikidata.org/entity/Q819296;http://www.wikidata.org/entity/Q819296;;;Q819296;;wd:Q819296;Point(-55.067222222 5.139166666)
103417;Berlijn (Suriname);Berlijn;http://www.wikidata.org/entity/Q2187292;Paramaribo (stad);http://www.wikidata.org/entity/Q2187292;;;;Q2187292;;wd:Q2187292;Point(-55.316666666 5.45)
119579;Bethesda (Suriname);Bethesda, Suriname;http://www.wikidata.org/entity/Q86165820;Suriname (Zuid-Amerika);http://www.wikidata.org/entity/Q86165820;;;;Q86165820;;wd:Q86165820;Point(-55.0641 5.6122)
560569;Bigi Poika;;;Suriname (Zuid-Amerika);http://www.wikidata.org/entity/Q859684;http://www.wikidata.org/entity/Q859684;https://sws.geonames.org/3384120/;;Q859684;;wd:Q859684;Point(-55.504722222 5.414444444)
573830;Blaka Watra;;;Suriname (Zuid-Amerika);http://www.wikidata.org/entity/Q110070745;http://www.wikidata.org/entity/Q110070745;;;Q110070745;;wd:Q110070745;Point(-54.929166666 5.404166666)
561437;Bouwdepartement;Bouwdepartement;;Paramaribo (stad);;;;;;Q3001;wd:Q3001;Point(-55.166666666 5.866666666)
38357;Boven-Suriname;;;Sipaliwini;http://www.wikidata.org/entity/Q2582096;http://www.wikidata.org/entity/Q2582096;;;Q2582096;;wd:Q2582096;Point(-55.5751 3.96693)
105864;Brokopondo;Brokopondo District;http://www.wikidata.org/entity/Q847680;Suriname (Zuid-Amerika);http://www.wikidata.org/entity/Q847680;;;;Q847680;;wd:Q847680;Point(-55.129444444 4.7725)
103881;Browns Berg;Browns Berg;http://www.wikidata.org/entity/Q31587146;Suriname (Zuid-Amerika);http://www.wikidata.org/entity/Q31587146;;;;Q31587146;;wd:Q31587146;Point(-55.215 4.869722222)
107559;Brownsweg;;;Suriname (Zuid-Amerika);http://www.wikidata.org/entity/Q927447;http://www.wikidata.org/entity/Q927447;https://sws.geonames.org/3384475/;;Q927447;;wd:Q927447;Point(-55.166944444 5.016388888)
103866;Burenstraat;Burenstraat;http://www.wikidata.org/entity/Q107435481;Paramaribo (stad);http://www.wikidata.org/entity/Q107435481;;;;Q107435481;;wd:Q107435481;Point(-55.163928977 5.827499618)
110827;Catharina Sophia;Catharina Sophia;http://www.wikidata.org/entity/Q13457818;Saramacca;http://www.wikidata.org/entity/Q13457818;;;;Q13457818;;wd:Q13457818;Point(-55.569091325 5.84549725)
561433;Chinese Sociëteit;Kong Ngie Tong Sang Clan;http://www.wikidata.org/entity/Q2458576;Paramaribo (stad);http://www.wikidata.org/entity/Q2458576;;;;Q2458576;;wd:Q2458576;Point(-55.161944 5.824167)
103857;Combé;Combé;http://www.wikidata.org/entity/Q115941560;Paramaribo (stad);http://www.wikidata.org/entity/Q115941560;;;;Q115941560;;wd:Q115941560;Point(-55.147222222 5.831388888)
567340;Combékerk;Combékerk, Paramaribo;http://www.wikidata.org/entity/Q107351239;Paramaribo (stad);http://www.wikidata.org/entity/Q107351239;;;;Q107351239;;wd:Q107351239;Point(-55.148972222 5.831805555)
24396;Commewijne;;;Suriname (Zuid-Amerika);http://www.wikidata.org/entity/Q952510;http://vocab.getty.edu/tgn/1000830;http://www.wikidata.org/entity/Q952510;;Q952510;;wd:Q952510;Point(-54.919722222 5.869722222)
574115;Corneliskondre;;;Sipaliwini;http://www.wikidata.org/entity/Q3316099;http://www.wikidata.org/entity/Q3316099;;;Q3316099;;wd:Q3316099;Point(-56.144166666 5.345555555)
67647;Coronie;;;Suriname (Zuid-Amerika);http://www.wikidata.org/entity/Q1130141;http://www.wikidata.org/entity/Q1130141;http://vocab.getty.edu/tgn/1000831;https://sws.geonames.org/3384397/;Q1130141;;wd:Q1130141;Point(-56.277777777 5.763611111)
110738;Cottica;Cottica;http://www.wikidata.org/entity/Q1376242;Suriname (Zuid-Amerika);http://www.wikidata.org/entity/Q1376242;;;;Q1376242;;wd:Q1376242;Point(-54.228055555 3.854166666)
103871;Cultuurtuin;Cultuurtuin;http://www.wikidata.org/entity/Q2301123;Paramaribo (stad);http://www.wikidata.org/entity/Q2301123;;;;Q2301123;;wd:Q2301123;Point(-55.159519444 5.847275)
556920;Daome;;;Suriname (Zuid-Amerika);http://www.wikidata.org/entity/Q730;http://vocab.getty.edu/tgn/7015386;http://www.wikidata.org/entity/Q730;;Q730;;wd:Q730;Point(-56.0 4.0)
561440;Domburg (Suriname);;;Suriname (Zuid-Amerika);http://www.wikidata.org/entity/Q650018;http://www.wikidata.org/entity/Q650018;https://sws.geonames.org/3384309/;;Q650018;;wd:Q650018;Point(-55.0875 5.688055555)
103402;Drambrandersgracht;Drambrandersgracht;http://www.wikidata.org/entity/Q110189219;Paramaribo (stad);http://www.wikidata.org/entity/Q110189219;;;;Q110189219;;wd:Q110189219;Point(-55.1690297 5.8243407)
103403;Emmaschool;Emmaschool;;Paramaribo (stad);;;;;;Q3001;wd:Q3001;Point(-55.166666666 5.866666666)
548033;Fort Leyden;Fort Leyden;http://www.wikidata.org/entity/Q138841837;Commewijne;http://www.wikidata.org/entity/Q138841837;;;;Q138841837;;wd:Q138841837;Point(-55.100876008 5.904624576)
567347;Fort Nieuw-Amsterdam;;;Suriname (Zuid-Amerika);http://www.wikidata.org/entity/Q762619;http://www.wikidata.org/entity/Q762619;https://sws.geonames.org/3383434/;;Q762619;;wd:Q762619;Point(-55.088611111 5.885833333)
91392;Fort Zeelandia (Paramaribo);Fort Zeelandia;http://www.wikidata.org/entity/Q656587;Paramaribo (stad);http://www.wikidata.org/entity/Q656587;;;;Q656587;;wd:Q656587;Point(-55.15 5.825277777)
106876;Frimangron;;;Paramaribo (stad);http://www.wikidata.org/entity/Q96781860;http://www.wikidata.org/entity/Q96781860;;;Q96781860;;wd:Q96781860;Point(-55.166796868 5.824930995)
103882;Galibi;Galibi;http://www.wikidata.org/entity/Q2554506;Suriname (Zuid-Amerika);http://www.wikidata.org/entity/Q2554506;;;;Q2554506;;wd:Q2554506;Point(-54.014166666 5.706944444)
119761;Gansee;Ganzee;http://www.wikidata.org/entity/Q21503646;Suriname (Zuid-Amerika);http://www.wikidata.org/entity/Q21503646;;;;Q21503646;;wd:Q21503646;Point(-55.1 4.833333333)
574122;Ganzee;;;Brokopondo;http://www.wikidata.org/entity/Q21503646;http://www.wikidata.org/entity/Q21503646;;;Q21503646;;wd:Q21503646;Point(-55.1 4.833333333)
564593;Gouvernements Hotel;Presidential Palace of Suriname;http://www.wikidata.org/entity/Q2196027;Paramaribo (stad);http://www.wikidata.org/entity/Q2196027;;;;Q2196027;;wd:Q2196027;Point(-55.15127222 5.82681389)
103393;Gouvernementspaleis;Presidential Palace of Suriname;http://www.wikidata.org/entity/Q2196027;Paramaribo (stad);http://www.wikidata.org/entity/Q2196027;;;;Q2196027;;wd:Q2196027;Point(-55.15127222 5.82681389)
103399;Gouvernementsplein;;;Paramaribo (stad);http://www.wikidata.org/entity/Q2033540;http://www.wikidata.org/entity/Q2033540;;;Q2033540;;wd:Q2033540;Point(-55.15152 5.82623)
563718;Gran Rio;;;Brokopondo;http://www.wikidata.org/entity/Q2182936;http://vocab.getty.edu/tgn/1124282;http://www.wikidata.org/entity/Q2182936;;Q2182936;;wd:Q2182936;Point(-55.479722222 4.0125)
105856;Gravenstraat (Paramaribo);Henck Arron Street;http://www.wikidata.org/entity/Q2794939;Paramaribo (stad);http://www.wikidata.org/entity/Q2794939;;;;Q2794939;;wd:Q2794939;Point(-55.16185 5.83236)
119538;Gröningen;Groningen;http://www.wikidata.org/entity/Q508935;Suriname (Zuid-Amerika);http://www.wikidata.org/entity/Q508935;http://vocab.getty.edu/tgn/1024828;;;Q508935;;wd:Q508935;Point(-55.466666666 5.783333333)
574116;Groot-Marseille;;;Suriname (Zuid-Amerika);http://www.wikidata.org/entity/Q59115654;http://www.wikidata.org/entity/Q59115654;;;Q59115654;;wd:Q59115654;Point(-54.583726154 5.875025798)
103874;Gros;Rosebel Gold Mine;http://www.wikidata.org/entity/Q15273305;Suriname (Zuid-Amerika);http://www.wikidata.org/entity/Q15273305;;;;Q15273305;;wd:Q15273305;Point(-55.15583333 5.07694444)
103412;Grote Combéweg;Grote Combéweg;http://www.wikidata.org/entity/Q107435485;Paramaribo (stad);http://www.wikidata.org/entity/Q107435485;;;;Q107435485;;wd:Q107435485;Point(-55.14983934 5.830861)
561445;Grote Stadskerk;Grote Stadskerk;http://www.wikidata.org/entity/Q57603554;Paramaribo (stad);http://www.wikidata.org/entity/Q57603554;;;;Q57603554;;wd:Q57603554;Point(-55.160833333 5.825277777)
103408;Heerenstraat (Paramaribo);Heerenstraat;http://www.wikidata.org/entity/Q107435472;Paramaribo (stad);http://www.wikidata.org/entity/Q107435472;;;;Q107435472;;wd:Q107435472;Point(-55.1566328 5.8285317)
103409;Heiligenweg;Heiligenweg;http://www.wikidata.org/entity/Q56492630;Paramaribo (stad);http://www.wikidata.org/entity/Q56492630;;;;Q56492630;;wd:Q56492630;Point(-55.157254 5.826255)
103864;Hervormde Kerk (Paramaribo);;;Paramaribo (stad);http://www.wikidata.org/entity/Q1996830;http://www.wikidata.org/entity/Q1996830;;;Q1996830;;wd:Q1996830;Point(-55.155264 5.827175)
103398;Het Park;Buitensociëteit Het Park;http://www.wikidata.org/entity/Q80816587;Paramaribo (stad);http://www.wikidata.org/entity/Q80816587;;;;Q80816587;;wd:Q80816587;Point(-55.150833333 5.825277777)
103858;Hof van Justitie;High Court of Justice of Suriname;http://www.wikidata.org/entity/Q2394876;Paramaribo (stad);http://www.wikidata.org/entity/Q2394876;;;;Q2394876;;wd:Q2394876;Point(-55.152333 5.826389)
573922;Huis Du Plessis;;;Paramaribo (stad);http://www.wikidata.org/entity/Q56434052;http://www.wikidata.org/entity/Q56434052;;;Q56434052;;wd:Q56434052;Point(-55.152139 5.826944)
119581;Jodenbreestraat (Paramaribo);Jodenbreestraat;http://www.wikidata.org/entity/Q98124865;Paramaribo (stad);http://www.wikidata.org/entity/Q98124865;;;;Q98124865;;wd:Q98124865;Point(-55.1589619 5.8259886)
105922;Jodensavanne;Jodensavanne;http://www.wikidata.org/entity/Q648787;Para;http://www.wikidata.org/entity/Q648787;;;;Q648787;;wd:Q648787;Point(-54.952979323 5.413277023)
567342;Keizerstraat;;;Paramaribo (stad);http://www.wikidata.org/entity/Q4115432;http://www.wikidata.org/entity/Q4115432;;;Q4115432;;wd:Q4115432;Point(-55.1594 5.82833)
103862;Kerkplein (Paramaribo);Kerkplein 8, Paramaribo;http://www.wikidata.org/entity/Q107351113;Paramaribo (stad);http://www.wikidata.org/entity/Q107351113;;;;Q107351113;;wd:Q107351113;Point(-55.1550147 5.8271344)
559756;Kerkstraat (Paramaribo);;;Paramaribo (stad);http://www.wikidata.org/entity/Q3001;http://vocab.getty.edu/tgn/7015387;http://www.wikidata.org/entity/Q3001;;Q3001;;wd:Q3001;Point(-55.166666666 5.866666666)
107558;Klaaskreek;Klaaskreek;http://www.wikidata.org/entity/Q2743532;Suriname (Zuid-Amerika);http://www.wikidata.org/entity/Q2743532;https://sws.geonames.org/12088673/;;;Q2743532;;wd:Q2743532;Point(-55.076388888 5.180555555)
103414;Klipsteenstraat;Klipstenenstraat;http://www.wikidata.org/entity/Q110189257;Paramaribo (stad);http://www.wikidata.org/entity/Q110189257;;;;Q110189257;;wd:Q110189257;Point(-55.1568401 5.8283745)
561435;Klooster De Voorzienigheid;Henck Arronstraat 14, Paramaribo;http://www.wikidata.org/entity/Q107351014;Paramaribo (stad);http://www.wikidata.org/entity/Q107351014;;;;Q107351014;;wd:Q107351014;Point(-55.1587547 5.8308602)
103401;Knuffelsgracht;Knuffelsgracht;http://www.wikidata.org/entity/Q107435471;Paramaribo (stad);http://www.wikidata.org/entity/Q107435471;;;;Q107435471;;wd:Q107435471;Point(-55.1565908 5.8260071)
103872;Koeliedepot;Koeliedepôt;http://www.wikidata.org/entity/Q110559886;Paramaribo (stad);http://www.wikidata.org/entity/Q110559886;;;;Q110559886;;wd:Q110559886;Point(-55.147971268 5.827871863)
574123;Koffiekamp;;;Brokopondo;http://www.wikidata.org/entity/Q106285572;http://www.wikidata.org/entity/Q106285572;;;Q106285572;;wd:Q106285572;Point(-55.036666666 4.953333333)
103880;Kwakoegron;;;Suriname (Zuid-Amerika);http://www.wikidata.org/entity/Q2564453;http://vocab.getty.edu/tgn/1024829;http://www.wikidata.org/entity/Q2564453;;Q2564453;;wd:Q2564453;Point(-55.344722222 5.248055555)
574120;Kwatta (plantage);;;Suriname (Zuid-Amerika);http://www.wikidata.org/entity/Q1757289;http://www.wikidata.org/entity/Q1757289;;;Q1757289;;wd:Q1757289;Point(-55.261111111 5.856111111)
103870;Kwattaweg;Kwattaweg;http://www.wikidata.org/entity/Q110189262;Paramaribo (stad);http://www.wikidata.org/entity/Q110189262;;;;Q110189262;;wd:Q110189262;Point(-55.1751499 5.8372748)
574121;Langatabbetje;;;Sipaliwini;http://www.wikidata.org/entity/Q2782195;http://www.wikidata.org/entity/Q2782195;;;Q2782195;;wd:Q2782195;Point(-54.441666666 4.991666666)
103873;Maäbo Heuvel;;;Suriname (Zuid-Amerika);http://www.wikidata.org/entity/Q23722960;http://www.wikidata.org/entity/Q23722960;https://sws.geonames.org/221912/;;Q23722960;;wd:Q23722960;Point(43.100833333 11.944166666)
561431;Maagdenstraat;Maagdenstraat;http://www.wikidata.org/entity/Q107435475;Paramaribo (stad);http://www.wikidata.org/entity/Q107435475;;;;Q107435475;;wd:Q107435475;Point(-55.1602174 5.8249814)
573923;Maarten Lutherkerk (Paramaribo);;;Paramaribo (stad);http://www.wikidata.org/entity/Q39337028;http://www.wikidata.org/entity/Q39337028;;;Q39337028;;wd:Q39337028;Point(-55.159527777 5.823694444)
105865;Marawijne;Marowijne District;http://www.wikidata.org/entity/Q1140897;Suriname (Zuid-Amerika);http://www.wikidata.org/entity/Q1140897;;;;Q1140897;;wd:Q1140897;Point(-54.324722222 5.770555555)
93088;Mariënburg (Suriname);;;Commewijne;http://www.wikidata.org/entity/Q908006;https://sws.geonames.org/3383570/;http://www.wikidata.org/entity/Q908006;;Q908006;;wd:Q908006;Point(-55.048055555 5.873611111)
567343;Maripaston;Maripaston;http://www.wikidata.org/entity/Q104531588;Suriname (Zuid-Amerika);http://www.wikidata.org/entity/Q104531588;;;;Q104531588;;wd:Q104531588;Point(-55.43 5.260555555)
99557;Marowijne;Marowijne District;http://www.wikidata.org/entity/Q1140897;Suriname (Zuid-Amerika);http://www.wikidata.org/entity/Q1140897;http://vocab.getty.edu/tgn/7005638;;;Q1140897;;wd:Q1140897;Point(-54.324722222 5.770555555)
567484;Meerzorg;Meerzorg;http://www.wikidata.org/entity/Q1018882;Suriname (Zuid-Amerika);http://www.wikidata.org/entity/Q1018882;;;;Q1018882;;wd:Q1018882;Point(-55.146944444 5.807222222)
103875;Miendrienetie Kreek;Miendrienetie Kreek;;Suriname (Zuid-Amerika);;;;;;Q730;wd:Q730;Point(-56.0 4.0)
99559;Moengo;Moengo;http://www.wikidata.org/entity/Q24226;Marowijne;http://www.wikidata.org/entity/Q24226;http://vocab.getty.edu/tgn/1024830;;;Q24226;;wd:Q24226;Point(-54.4 5.616666666)
103405;Montana Mijn;Montana Mijn;;Paramaribo (stad);;;;;;Q3001;wd:Q3001;Point(-55.166666666 5.866666666)
103406;Montana Mine;Montana Mine;;Paramaribo (stad);;;;;;Q3001;wd:Q3001;Point(-55.166666666 5.866666666)
26125;Nickerie;;;Suriname (Zuid-Amerika);http://www.wikidata.org/entity/Q1147515;http://vocab.getty.edu/tgn/1000907;http://www.wikidata.org/entity/Q1147515;;Q1147515;;wd:Q1147515;Point(-56.870277777 5.767222222)
556918;Nieuw-Aurora;;;Suriname (Zuid-Amerika);http://www.wikidata.org/entity/Q77850298;http://www.wikidata.org/entity/Q77850298;;;Q77850298;;wd:Q77850298;Point(-55.400555555 4.373888888)
573906;Nieuwe Oranjetuin (begraafplaats);;;Paramaribo (stad);http://www.wikidata.org/entity/Q56613111;http://www.wikidata.org/entity/Q56613111;;;Q56613111;;wd:Q56613111;Point(-55.160583 5.831)
103535;Nieuw-Nickerie;;;Nickerie;http://www.wikidata.org/entity/Q738313;http://www.wikidata.org/entity/Q738313;http://vocab.getty.edu/tgn/1024832;https://sws.geonames.org/3383427/;Q738313;;wd:Q738313;Point(-56.973055555 5.926111111)
103863;Noorderkerkstraat;Noorderkerkstraat;http://www.wikidata.org/entity/Q110189289;Paramaribo (stad);http://www.wikidata.org/entity/Q110189289;;;;Q110189289;;wd:Q110189289;Point(-55.1547075 5.8280821)
560562;Onafhankelijkheidsplein;;;Paramaribo (stad);http://www.wikidata.org/entity/Q2033540;http://www.wikidata.org/entity/Q2033540;;;Q2033540;;wd:Q2033540;Point(-55.15152 5.82623)
105862;Onoribo;Onoribo (Parakreek);http://www.wikidata.org/entity/Q124831720;Para;http://www.wikidata.org/entity/Q124831720;;;;Q124831720;;wd:Q124831720;Point(-55.1641107 5.571329733)
560554;Oranjeplein (Paramaribo);;;Paramaribo (stad);http://www.wikidata.org/entity/Q2033540;http://www.wikidata.org/entity/Q2033540;;;Q2033540;;wd:Q2033540;Point(-55.15152 5.82623)
103410;Oranjestraat;Mr. Dr. J.C. de Mirandastraat;http://www.wikidata.org/entity/Q107435464;Paramaribo (stad);http://www.wikidata.org/entity/Q107435464;;;;Q107435464;;wd:Q107435464;Point(-55.15266 5.82626)
103400;Palmentuin;Garden of Palms;http://www.wikidata.org/entity/Q2220000;Paramaribo (stad);http://www.wikidata.org/entity/Q2220000;;;;Q2220000;;wd:Q2220000;Point(-55.15 5.828055555)
105863;Para;;;Suriname (Zuid-Amerika);http://www.wikidata.org/entity/Q1140891;http://vocab.getty.edu/tgn/1000920;http://www.wikidata.org/entity/Q1140891;;Q1140891;;wd:Q1140891;Point(-55.336944444 5.433611111)
105866;Paramaribo (district);;;Suriname (Zuid-Amerika);http://www.wikidata.org/entity/Q3001;http://vocab.getty.edu/tgn/7002584;http://www.wikidata.org/entity/Q3001;;Q3001;;wd:Q3001;Point(-55.166666666 5.866666666)
51489;Paramaribo (stad);;;Paramaribo (district);http://www.wikidata.org/entity/Q3001;http://vocab.getty.edu/tgn/7015387;http://www.wikidata.org/entity/Q3001;;Q3001;;wd:Q3001;Point(-55.166666666 5.866666666)
107571;Paranam;Paranam;http://www.wikidata.org/entity/Q953057;Suriname (Zuid-Amerika);http://www.wikidata.org/entity/Q953057;http://vocab.getty.edu/tgn/1024835;;;Q953057;;wd:Q953057;Point(-55.09 5.607222222)
103418;Patrick Savanna;Patrick Savanna;;Suriname (Zuid-Amerika);;;;;;Q730;wd:Q730;Point(-56.0 4.0)
574117;Pierrekondre;;;Suriname (Zuid-Amerika);http://www.wikidata.org/entity/Q111812569;http://www.wikidata.org/entity/Q111812569;;;Q111812569;;wd:Q111812569;Point(-54.046944444 5.516666666)
148703;Pikin Slee;;;Boven-Suriname;http://www.wikidata.org/entity/Q83756034;http://www.wikidata.org/entity/Q83756034;;;Q83756034;;wd:Q83756034;Point(-55.443888888 4.253333333)
102453;Plantage Accaribo;Accaribo;http://www.wikidata.org/entity/Q25703530;Suriname (Zuid-Amerika);http://www.wikidata.org/entity/Q25703530;;;;Q25703530;;wd:Q25703530;Point(-55.085277777 5.629722222)
111011;Plantage Alliance;Alliance;http://www.wikidata.org/entity/Q137472412;Suriname (Zuid-Amerika);http://www.wikidata.org/entity/Q137472412;;;;Q137472412;;wd:Q137472412;Point(-54.881400912 5.898640998)
556466;Plantage Berg en Dal;Berg en Dal;http://www.wikidata.org/entity/Q819296;Suriname (Zuid-Amerika);http://www.wikidata.org/entity/Q819296;;;;Q819296;;wd:Q819296;Point(-55.067222222 5.139166666)
559586;Plantage Brouwerslust;;;Suriname (Zuid-Amerika);http://www.wikidata.org/entity/Q2638795;http://www.wikidata.org/entity/Q2638795;;;Q2638795;;wd:Q2638795;Point(-54.996006873 5.890673923)
119539;Plantage Caledonia;Caledonia;http://www.wikidata.org/entity/Q59115352;Suriname (Zuid-Amerika);http://www.wikidata.org/entity/Q59115352;;;;Q59115352;;wd:Q59115352;Point(-55.806048094 5.836318741)
103877;Plantage Clevia;Clevia;http://www.wikidata.org/entity/Q15873942;Suriname (Zuid-Amerika);http://www.wikidata.org/entity/Q15873942;;;;Q15873942;;wd:Q15873942;Point(-55.109231723 5.870336608)
94399;Plantage Cornelis Vriendschap;Cornelis Vriendschap;http://www.wikidata.org/entity/Q59115409;Suriname (Zuid-Amerika);http://www.wikidata.org/entity/Q59115409;;;;Q59115409;;wd:Q59115409;Point(-54.969560955 5.797857718)
562924;Plantage Dordrecht;;;Suriname (Zuid-Amerika);http://www.wikidata.org/entity/Q1827726;http://www.wikidata.org/entity/Q1827726;;;Q1827726;;wd:Q1827726;Point(-55.096136 5.826164)
98916;Plantage Elisabethshoop;Elisabeth's Hoop (Commewijne);http://www.wikidata.org/entity/Q2439396;Suriname (Zuid-Amerika);http://www.wikidata.org/entity/Q2439396;;;;Q2439396;;wd:Q2439396;Point(-55.03738 5.89114)
103865;Plantage Geyersvlijt;Geyersvlijt;http://www.wikidata.org/entity/Q4392658;Paramaribo (stad);http://www.wikidata.org/entity/Q4392658;;;;Q4392658;;wd:Q4392658;Point(-55.121667 5.851389)
105861;Plantage Groot-Chatillon;Groot Chatillon;http://www.wikidata.org/entity/Q59115652;Suriname (Zuid-Amerika);http://www.wikidata.org/entity/Q59115652;;;;Q59115652;;wd:Q59115652;Point(-55.068836956 5.620432481)
103878;Plantage Jagtlust;Jagtlust;http://www.wikidata.org/entity/Q2121376;Suriname (Zuid-Amerika);http://www.wikidata.org/entity/Q2121376;;;;Q2121376;;wd:Q2121376;Point(-55.096136 5.826164)
102602;Plantage Johanna-Catharina;Johanna Catharina;http://www.wikidata.org/entity/Q59115735;Suriname (Zuid-Amerika);http://www.wikidata.org/entity/Q59115735;;;;Q59115735;;wd:Q59115735;Point(-55.473703912 5.857946759)
569043;Plantage Kroonenburg;Kroonenburg;http://www.wikidata.org/entity/Q2183731;Commewijne;http://www.wikidata.org/entity/Q2183731;;;;Q2183731;;wd:Q2183731;Point(-55.0136 5.8653)
119582;Plantage La Liberté;;;Suriname (Zuid-Amerika);http://www.wikidata.org/entity/Q59116872;http://www.wikidata.org/entity/Q59116872;;;Q59116872;;wd:Q59116872;Point(-55.205746299 5.505334872)
61074;Plantage Leasowes;Leasowes;http://www.wikidata.org/entity/Q59116940;Suriname (Zuid-Amerika);http://www.wikidata.org/entity/Q59116940;;;;Q59116940;;wd:Q59116940;Point(-56.385277777 5.896666666)
103271;Plantage Ma Retraite;Ma Retraite (Boomskreek);http://www.wikidata.org/entity/Q59117017;Suriname (Zuid-Amerika);http://www.wikidata.org/entity/Q59117017;;;;Q59117017;;wd:Q59117017;Point(-55.143914311 5.848222141)
105858;Plantage Maasstroom;Maasstroom;http://www.wikidata.org/entity/Q2055473;Suriname (Zuid-Amerika);http://www.wikidata.org/entity/Q2055473;;;;Q2055473;;wd:Q2055473;Point(-55.04395 5.89654)
105860;Plantage Mariënbosch;Mariënbosch;http://www.wikidata.org/entity/Q2042290;Commewijne;http://www.wikidata.org/entity/Q2042290;;;;Q2042290;;wd:Q2042290;Point(-55.018857157 5.880628678)
105859;Plantage Mariënburg;Mariënburg;http://www.wikidata.org/entity/Q908006;Commewijne;http://www.wikidata.org/entity/Q908006;;;;Q908006;;wd:Q908006;Point(-55.048055555 5.873611111)
548735;Plantage Meerzorg;Meerzorg;http://www.wikidata.org/entity/Q1018882;Suriname (Zuid-Amerika);http://www.wikidata.org/entity/Q1018882;;;;Q1018882;;wd:Q1018882;Point(-55.146944444 5.807222222)
105917;Plantage Morgenstond;De Morgenstond;http://www.wikidata.org/entity/Q59115470;Paramaribo (district);http://www.wikidata.org/entity/Q59115470;;;;Q59115470;;wd:Q59115470;Point(-55.119505754 5.859776675)
105916;Plantage Nijd en Spijt;Nijd en Spijt (Commewijne);http://www.wikidata.org/entity/Q59132916;Commewijne;http://www.wikidata.org/entity/Q59132916;;;;Q59132916;;wd:Q59132916;Point(-55.015767453 5.838410116)
573493;Plantage Palmeneribo;;;Suriname (Zuid-Amerika);http://www.wikidata.org/entity/Q59133036;http://www.wikidata.org/entity/Q59133036;;;Q59133036;;wd:Q59133036;Point(-54.996080059 5.482747479)
103532;Plantage Paradise;Paradise;http://www.wikidata.org/entity/Q21000089;Suriname (Zuid-Amerika);http://www.wikidata.org/entity/Q21000089;;;;Q21000089;;wd:Q21000089;Point(-56.939588814 5.906509819)
103531;Plantage Peperpot;Peperpot;http://www.wikidata.org/entity/Q12013270;Suriname (Zuid-Amerika);http://www.wikidata.org/entity/Q12013270;;;;Q12013270;;wd:Q12013270;Point(-55.1246167 5.768092)
569042;Plantage Rosenburg;Roozenburg;http://www.wikidata.org/entity/Q59133171;Commewijne;http://www.wikidata.org/entity/Q59133171;;;;Q59133171;;wd:Q59133171;Point(-54.775497373 5.810793729)
102454;Plantage Rust en Werk;Rust en Werk;http://www.wikidata.org/entity/Q1880614;Suriname (Zuid-Amerika);http://www.wikidata.org/entity/Q1880614;;;;Q1880614;;wd:Q1880614;Point(-55.066188 5.906132)
573492;Plantage Surimombo;;;Suriname (Zuid-Amerika);http://www.wikidata.org/entity/Q59133905;http://www.wikidata.org/entity/Q59133905;;;Q59133905;;wd:Q59133905;Point(-54.985934863 5.452132102)
105923;Plantage Suzanna's Daal;Suzanna's Daal;http://www.wikidata.org/entity/Q15882536;Commewijne;http://www.wikidata.org/entity/Q15882536;;;;Q15882536;;wd:Q15882536;Point(-55.0877 5.8614)
556547;Plantage 't Vertrouwen;'t Vertrouwen;http://www.wikidata.org/entity/Q13427514;Suriname (Zuid-Amerika);http://www.wikidata.org/entity/Q13427514;;;;Q13427514;;wd:Q13427514;Point(-54.972483357 5.896031313)
103272;Plantage Tourtonne;La Tourtonne;http://www.wikidata.org/entity/Q59116910;Suriname (Zuid-Amerika);http://www.wikidata.org/entity/Q59116910;;;;Q59116910;;wd:Q59116910;Point(-55.149974367 5.850566558)
569047;Plantage Voorburg;Voorburg;http://www.wikidata.org/entity/Q15883580;Suriname (district);http://www.wikidata.org/entity/Q15883580;;;;Q15883580;;wd:Q15883580;Point(-55.0896 5.878)
103533;Plantage Waterloo;Waterloo (Nickerie);http://www.wikidata.org/entity/Q124832148;Suriname (Zuid-Amerika);http://www.wikidata.org/entity/Q124832148;;;;Q124832148;;wd:Q124832148;Point(-56.972878306 5.914768863)
561428;Plantage Wolfenbuttel;Wolffenbuttel;http://www.wikidata.org/entity/Q59134147;Suriname (Zuid-Amerika);http://www.wikidata.org/entity/Q59134147;;;;Q59134147;;wd:Q59134147;Point(-55.159519444 5.847275)
560078;Post Leyden;Fort Leyden;http://www.wikidata.org/entity/Q138841837;Paramaribo (stad);http://www.wikidata.org/entity/Q138841837;;;;Q138841837;;wd:Q138841837;Point(-55.100876008 5.904624576)
567324;Post Mindrineti;Post Mindrineti;;Suriname (Zuid-Amerika);;;;;;Q730;wd:Q730;Point(-56.0 4.0)
103392;Presidentieel Paleis;Presidential Palace of Suriname;http://www.wikidata.org/entity/Q2196027;Paramaribo (stad);http://www.wikidata.org/entity/Q2196027;;;;Q2196027;;wd:Q2196027;Point(-55.15127222 5.82681389)
103416;Republiek (Suriname);Suriname;http://www.wikidata.org/entity/Q730;Paramaribo (stad);http://www.wikidata.org/entity/Q730;;;;Q730;;wd:Q730;Point(-56.0 4.0)
561503;Rosakerk;Sint-Rosakerk;http://www.wikidata.org/entity/Q56632823;Paramaribo (stad);http://www.wikidata.org/entity/Q56632823;;;;Q56632823;;wd:Q56632823;Point(-55.163528 5.822472)
111006;'s Lands Hospitaal;'s Lands Hospitaal;http://www.wikidata.org/entity/Q15868275;Paramaribo (stad);http://www.wikidata.org/entity/Q15868275;;;;Q15868275;;wd:Q15868275;Point(-55.156352777 5.830591666)
103876;Sabakoe;Sabakoe;http://www.wikidata.org/entity/Q7395850;Suriname (Zuid-Amerika);http://www.wikidata.org/entity/Q7395850;;;;Q7395850;;wd:Q7395850;Point(-55.190833333 5.423055555)
567319;Sarakreek;;;Brokopondo;http://www.wikidata.org/entity/Q2398165;http://www.wikidata.org/entity/Q2398165;;;Q2398165;;wd:Q2398165;Point(-55.08333333 4.9)
105867;Saramacca;Saramacca District;http://www.wikidata.org/entity/Q1351157;Suriname (Zuid-Amerika);http://www.wikidata.org/entity/Q1351157;;;;Q1351157;;wd:Q1351157;Point(-55.624722222 5.7825)
103415;Saramaccastraat;Saramaccastraat;http://www.wikidata.org/entity/Q107435480;Paramaribo (stad);http://www.wikidata.org/entity/Q107435480;;;;Q107435480;;wd:Q107435480;Point(-55.1619971 5.8223672)
573898;Sint Petrus en Pauluskerk (Paramaribo);Saint Peter and Paul Cathedral;http://www.wikidata.org/entity/Q2736107;Paramaribo (stad);http://www.wikidata.org/entity/Q2736107;;;;Q2736107;;wd:Q2736107;Point(-55.154092 5.828681)
117201;Sint-Petrus-en-Pauluskathedraal;;;Paramaribo (stad);http://www.wikidata.org/entity/Q2736107;http://www.wikidata.org/entity/Q2736107;;;Q2736107;;wd:Q2736107;Point(-55.154092 5.828681)
148702;Sipaliwini;Sipaliwini Savanna;http://www.wikidata.org/entity/Q2299612;Suriname (Zuid-Amerika);http://www.wikidata.org/entity/Q2299612;http://vocab.getty.edu/tgn/7593330;;;Q2299612;;wd:Q2299612;Point(-56.124722222 2.025)
103404;'s-Landsgrond Boniface;'s-Landsgrond Boniface;;Paramaribo (stad);;;;;;Q3001;wd:Q3001;Point(-55.166666666 5.866666666)
560567;Slootwijk;;;Suriname (Zuid-Amerika);http://www.wikidata.org/entity/Q2777030;http://www.wikidata.org/entity/Q2777030;;;Q2777030;;wd:Q2777030;Point(-54.866667 5.816667)
103867;Soldatenstraat;Henck Arron Street;http://www.wikidata.org/entity/Q2794939;Paramaribo (stad);http://www.wikidata.org/entity/Q2794939;;;;Q2794939;;wd:Q2794939;Point(-55.16185 5.83236)
36401;Sommelsdijk (Suriname);Sommelsdijk;http://www.wikidata.org/entity/Q59133844;Suriname (Zuid-Amerika);http://www.wikidata.org/entity/Q59133844;;;;Q59133844;;wd:Q59133844;Point(-54.865551763 5.862920033)
103407;Sommelsdijkse straat;Van Sommelsdijckstraat;http://www.wikidata.org/entity/Q110189323;Paramaribo (stad);http://www.wikidata.org/entity/Q110189323;;;;Q110189323;;wd:Q110189323;Point(-55.148606 5.8297659)
571566;Statengebouw;;;Paramaribo (stad);http://www.wikidata.org/entity/Q1760847;http://www.wikidata.org/entity/Q1760847;;;Q1760847;;wd:Q1760847;Point(-55.150694444 5.825333333)
561446;Steenbakkersgracht;Dr. Sophie Redmondstraat;http://www.wikidata.org/entity/Q107435482;Paramaribo (stad);http://www.wikidata.org/entity/Q107435482;;;;Q107435482;;wd:Q107435482;Point(-55.172447781 5.830579157)
561432;Steenbakkerstraat;Steenbakkerijstraat;http://www.wikidata.org/entity/Q107435476;Paramaribo (stad);http://www.wikidata.org/entity/Q107435476;;;;Q107435476;;wd:Q107435476;Point(-55.1605978 5.8252982)
103860;Steenen Gebouw;Steenen Gebouw;;Paramaribo (stad);;;;;;Q3001;wd:Q3001;Point(-55.166666666 5.866666666)
102050;Stoelmanseiland;Stoelmanseiland;http://www.wikidata.org/entity/Q5023633;Suriname (Zuid-Amerika);http://www.wikidata.org/entity/Q5023633;https://sws.geonames.org/3383023/;;;Q5023633;;wd:Q5023633;Point(-54.416666666 4.35)
567322;Stoelmanstraat;Stoelmanstraat;http://www.wikidata.org/entity/Q107435494;Paramaribo (stad);http://www.wikidata.org/entity/Q107435494;;;;Q107435494;;wd:Q107435494;Point(-55.1591285 5.8312635)
561430;Surinaamsche Bank, De;;;Paramaribo (stad);http://www.wikidata.org/entity/Q5244764;http://www.wikidata.org/entity/Q5244764;;;Q5244764;;wd:Q5244764;Point(-55.1542 5.828811111)
105868;Suriname (district);;;Suriname (Zuid-Amerika);http://www.wikidata.org/entity/Q2688457;http://vocab.getty.edu/tgn/1000937;http://www.wikidata.org/entity/Q2688457;;Q2688457;;wd:Q2688457;Point(-55.263888888 5.796666666)
26124;Suriname (Zuid-Amerika);Surinam;;Zuid-Amerika;http://www.wikidata.org/entity/Q730;http://vocab.getty.edu/tgn/7015386;http://www.wikidata.org/entity/Q730;;Q730;;wd:Q730;Point(-56.0 4.0)
24743;Surinamerivier;;;Suriname (Zuid-Amerika);http://www.wikidata.org/entity/Q635545;http://www.wikidata.org/entity/Q635545;https://sws.geonames.org/3382997/;;Q635545;;wd:Q635545;Point(-55.159122222 5.818144444)
105855;Synagoge Neve Shalom;Neveh Shalom Synagogue;http://www.wikidata.org/entity/Q2488071;Paramaribo (stad);http://www.wikidata.org/entity/Q2488071;;;;Q2488071;;wd:Q2488071;Point(-55.159222222 5.828388888)
105784;Tamarindelaan;Tamarindelaan;http://www.wikidata.org/entity/Q110189315;Paramaribo (stad);http://www.wikidata.org/entity/Q110189315;;;;Q110189315;;wd:Q110189315;Point(-55.1521805 5.8266382)
103879;Totness;Totness;http://www.wikidata.org/entity/Q59133938;Suriname (Zuid-Amerika);http://www.wikidata.org/entity/Q59133938;;;;Q59133938;;wd:Q59133938;Point(-56.33 5.88)
103413;Vaillantsplein;;;Paramaribo (stad);http://www.wikidata.org/entity/Q3001;http://vocab.getty.edu/tgn/7015387;http://www.wikidata.org/entity/Q3001;;Q3001;;wd:Q3001;Point(-55.166666666 5.866666666)
93087;Voorburg (Suriname);;;Suriname (Zuid-Amerika);http://www.wikidata.org/entity/Q15883580;http://www.wikidata.org/entity/Q15883580;;;Q15883580;;wd:Q15883580;Point(-55.0896 5.878)
103869;Wagenweg Straat;Wagenwegstraat;http://www.wikidata.org/entity/Q107435477;Paramaribo (stad);http://www.wikidata.org/entity/Q107435477;;;;Q107435477;;wd:Q107435477;Point(-55.1577265 5.8287733)
103868;Wagenwegstraat;Wagenwegstraat;http://www.wikidata.org/entity/Q107435477;Paramaribo (stad);http://www.wikidata.org/entity/Q107435477;;;;Q107435477;;wd:Q107435477;Point(-55.1577265 5.8287733)
103411;Wanicastraat;Johan Adolf Pengelstraat;http://www.wikidata.org/entity/Q56450947;Paramaribo (stad);http://www.wikidata.org/entity/Q56450947;;;;Q56450947;;wd:Q56450947;Point(-55.171688888 5.824044444)
100679;Waterkant;;;Paramaribo (stad);http://www.wikidata.org/entity/Q2512080;http://www.wikidata.org/entity/Q2512080;;;Q2512080;;wd:Q2512080;Point(-55.153114 5.825231)
103861;Watermolenstraat;Watermolenstraat;http://www.wikidata.org/entity/Q107435473;Paramaribo (stad);http://www.wikidata.org/entity/Q107435473;;;;Q107435473;;wd:Q107435473;Point(-55.1551596 5.8257193)
561436;Willemschool;Willemschool;;Paramaribo (stad);;;;;;Q3001;wd:Q3001;Point(-55.166666666 5.866666666)
561429;Wolfenbüttel (instelling);;;Paramaribo (stad);http://www.wikidata.org/entity/Q42363044;http://www.wikidata.org/entity/Q42363044;;;Q42363044;;wd:Q42363044;Point(-55.160277777 5.834444444)
567325;Zanderij;;;Surinamerivier;http://www.wikidata.org/entity/Q146633;http://www.wikidata.org/entity/Q146633;https://sws.geonames.org/3382670/;;Q146633;;wd:Q146633;Point(-55.206111111 5.456388888)
