TempID;p131;Label;p31;description@nl;description@en;alias1;alias2;alias3;alias4;alias5;wikidataID;earliestBeginTimeStamp;LatestBeginTimeStamp;point_in_time;EarliestEndTimeStamp;LatestEndTimeStamp;mentioned_at_url;stated_in
206;Q3001;Kort Aasemstraat;Q79007;Straat in Paramaribo;Street in Paramaribo;Kort Asemstraat;;;;;;;1737;;1737;;https://www.concordansparamaribo.info/adres/stratenlijst;Q138025857
208;Q3001;Kerkstraat;Q79007;Straat in Paramaribo;Street in Paramaribo;;;;;;;;1737;;1737;;https://www.concordansparamaribo.info/adres/stratenlijst;Q138025857
212;Q3001;Makkastraat;Q79007;Verdwenen straat in Paramaribo. Vanaf de Rust-en-Vredestraat westwaarts naar de Nepveustraat, later EBG kerkhof;Street in Paramaribo;;;;;;;;1772;;1772;;https://drive.google.com/file/d/0B88mZFitv8emNm1DZnRaZW1sR28/view?usp=drive_link&resourcekey=0-mmh-4y0Awsjf_rdR7joFig;Q138025817
114;Q3001;Noordhoekstraat;Q79007;Straat in Paramaribo;Street in Paramaribo;;;;;;;;1782;;1782;;https://www.concordansparamaribo.info/adres/stratenlijst;Q138025857
118;Q3001;Oranjetuin;Q79007;Straat in Paramaribo;Street in Paramaribo;Oude Oranjetuin;;;;;;;1782;;1782;;https://www.concordansparamaribo.info/adres/stratenlijst;Q138025857
203;Q3001;Grote Kerkstraat;Q79007;Straat in Paramaribo;Street in Paramaribo;Groote Kerkstraat;Hoge Kerkstraat;;;;;;1782;;1782;;https://www.concordansparamaribo.info/adres/stratenlijst;Q138025857
201;Q3001;Wichersgracht;Q79007;Straat in Paramaribo;Street in Paramaribo;;;;;;;;1796;;1796;;https://www.concordansparamaribo.info/adres/stratenlijst;Q138025857
229;Q3001;Viottebrugstraat;Q79007;Straat in Paramaribo;Street in Paramaribo;Fiottebrugstraat;;;;;;;1830;;1830;;https://www.concordansparamaribo.info/adres/stratenlijst;Q138025857
26;Q3001;Dwarskerkhofstraat;Q79007;Straat in Paramaribo;Street in Paramaribo;;;;;;;;1837;;1837;;https://www.concordansparamaribo.info/adres/stratenlijst;Q138025857
31;Q3001;Fredericigracht;Q79007;Straat in Paramaribo;Street in Paramaribo;Fridericisgracht;;;;;;;1837;;1837;;https://www.concordansparamaribo.info/adres/stratenlijst;Q138025857
43;Q3001;Grote Rijweg;Q79007;Straat in Paramaribo;Street in Paramaribo;;;;;;;;1837;;1837;;https://www.concordansparamaribo.info/adres/stratenlijst;Q138025857
195;Q3001;Vierde Dwarsstraat;Q79007;Straat in Paramaribo;Street in Paramaribo;;;;;;;;1796;;1857;;https://www.concordansparamaribo.info/adres/stratenlijst;Q138025857
227;Q3001;Plein van 12 mei 1874;Q79007;Straat in Paramaribo;Street in Paramaribo;;;;;;;;1874;;1874;;https://www.concordansparamaribo.info/adres/stratenlijst;Q138025857
2;Q3001;Achtersteeg;Q79007;Straat in Paramaribo;Street in Paramaribo;;;;;;;;1837;;1885;;https://www.concordansparamaribo.info/adres/stratenlijst;Q138025857
44;Q3001;Grote Waterstraat;Q79007;Straat in Paramaribo;Street in Paramaribo;Waterkant op Combé;Groote Waterstraat;;;;;;1837;;1885;;https://www.concordansparamaribo.info/adres/stratenlijst;Q138025857
105;Q3001;Nassaulaan;Q79007;Straat in Paramaribo;Street in Paramaribo;;;;;;;;1874;;1885;;https://www.concordansparamaribo.info/adres/stratenlijst;Q138025857
106;Q3001;Nassaustraat;Q79007;Straat in Paramaribo;Street in Paramaribo;;;;;;;;1873;;1885;;https://www.concordansparamaribo.info/adres/stratenlijst;Q138025857
122;Q3001;Oude laan van Charlesburg;Q79007;Straat in Paramaribo;Street in Paramaribo;;;;;;;;1885;;1885;;https://www.concordansparamaribo.info/adres/stratenlijst;Q138025857
123;Q3001;Pad van Wanica;Q79007;Straat in Paramaribo;Street in Paramaribo;;;;;;;;1837;;1885;;https://www.concordansparamaribo.info/adres/stratenlijst;Q138025857
134;Q3001;Rijweg naar Kwatta;Q79007;Straat in Paramaribo;Street in Paramaribo;Wageweg;Grote Rijweg naar Kwatta;;;;;;1837;;1885;;https://www.concordansparamaribo.info/adres/stratenlijst;Q138025857
181;Q3001;Weg naar Zee;Q79007;Straat in Paramaribo;Street in Paramaribo;;;;;;;;1885;;1885;;https://www.concordansparamaribo.info/adres/stratenlijst;Q138025857
182;Q3001;Weg van Charlesburg;Q79007;Straat in Paramaribo;Street in Paramaribo;;;;;;;;1885;;1885;;https://www.concordansparamaribo.info/adres/stratenlijst;Q138025857
76;Q3001;Korte Dwarsstraat;Q79007;Straat in Paramaribo;Street in Paramaribo;;;;;;;;1887;;1887;;https://www.concordansparamaribo.info/adres/stratenlijst;Q138025857
107;Q3001;Nepveugracht;Q79007;Straat in Paramaribo;Street in Paramaribo;Nepveusgracht;Straat langs de Nepveugracht;;;;;;1796;;1887;1905;https://www.concordansparamaribo.info/adres/stratenlijst;Q138025857
223;Q3001;Brandplein;Q79007;Straat in Paramaribo;Street in Paramaribo;;;;;;;;1821;;1887;;https://www.concordansparamaribo.info/adres/stratenlijst;Q138025857
194;Q3001;Bamboeslaan;Q79007;Straat in Paramaribo;Street in Paramaribo;Bamboelaan;;;;;;;1857;;1911;;https://www.concordansparamaribo.info/adres/stratenlijst;Q138025857
19;Q3001;Derde Dwarsstraat;Q79007;Straat in Paramaribo;Street in Paramaribo;;;;;;;;1796;;1916;;https://www.concordansparamaribo.info/adres/stratenlijst;Q138025857
27;Q3001;Eerste Dwarsstraat;Q79007;Straat in Paramaribo;Street in Paramaribo;;;;;;;;1796;;1916;;https://www.concordansparamaribo.info/adres/stratenlijst;Q138025857
156;Q3001;Tweede Dwarsstraat;Q79007;Straat in Paramaribo;Street in Paramaribo;;;;;;;;1796;;1916;;https://www.concordansparamaribo.info/adres/stratenlijst;Q138025857
8;Q3001;Beethovenstraat;Q79007;Straat in Paramaribo;Street in Paramaribo;;;;;;;;1921;;1921;;https://www.concordansparamaribo.info/adres/stratenlijst;Q138025857
11;Q3001;Casuarinalaan;Q79007;Straat in Paramaribo;Street in Paramaribo;;;;;;;;1921;;1921;;https://www.concordansparamaribo.info/adres/stratenlijst;Q138025857
18;Q3001;Cultuurtuinlaan;Q79007;Straat in Paramaribo;Street in Paramaribo;;;;;;;;1921;;1921;;https://www.concordansparamaribo.info/adres/stratenlijst;Q138025857
20;Q3001;Dinastraat;Q79007;Straat in Paramaribo;Street in Paramaribo;;;;;;;;1921;;1921;;https://www.concordansparamaribo.info/adres/stratenlijst;Q138025857
28;Q3001;Eerste Rijweg;Q79007;Straat in Paramaribo;Street in Paramaribo;Nieuwe Rijweg;;;;;;;1837;;1921;;https://www.concordansparamaribo.info/adres/stratenlijst;Q138025857
39;Q3001;Groeneweg;Q79007;Straat in Paramaribo;Street in Paramaribo;;;;;;;;1921;;1921;;https://www.concordansparamaribo.info/adres/stratenlijst;Q138025857
60;Q3001;Kaaimanweg;Q79007;Straat in Paramaribo;Street in Paramaribo;;;;;;;;1921;;1921;;https://www.concordansparamaribo.info/adres/stratenlijst;Q138025857
78;Q3001;Krabbesteeg;Q79007;Straat in Paramaribo;Street in Paramaribo;Watermolensteeg;Krabbehoek;;;;;;1782;;1921;;https://www.concordansparamaribo.info/adres/stratenlijst;Q138025857
85;Q3001;Leendertweg;Q79007;Straat in Paramaribo;Street in Paramaribo;;;;;;;;1921;;1921;;https://www.concordansparamaribo.info/adres/stratenlijst;Q138025857
99;Q3001;Mispellaan;Q79007;Straat in Paramaribo;Street in Paramaribo;;;;;;;;1921;;1921;;https://www.concordansparamaribo.info/adres/stratenlijst;Q138025857
111;Q3001;Nieuwe Charlesburgweg naar zee;Q79007;Straat in Paramaribo;Street in Paramaribo;;;;;;;;1921;;1921;;https://www.concordansparamaribo.info/adres/stratenlijst;Q138025857
116;Q3001;Oranjelaan;Q79007;Straat in Paramaribo;Street in Paramaribo;;;;;;;;1921;;1921;;https://www.concordansparamaribo.info/adres/stratenlijst;Q138025857
120;Q3001;Oude Charlesburgweg naar zee;Q79007;Straat in Paramaribo;Street in Paramaribo;;;;;;;;1921;;1921;;https://www.concordansparamaribo.info/adres/stratenlijst;Q138025857
124;Q3001;Paragrasweg;Q79007;Straat in Paramaribo;Street in Paramaribo;;;;;;;;1921;;1921;;https://www.concordansparamaribo.info/adres/stratenlijst;Q138025857
143;Q3001;Schuiermanstraat;Q79007;Straat in Paramaribo;Street in Paramaribo;;;;;;;;1921;;1921;;https://www.concordansparamaribo.info/adres/stratenlijst;Q138025857
145;Q3001;Sophialaan;Q79007;Straat in Paramaribo;Street in Paramaribo;;;;;;;;1837;;1921;;https://www.concordansparamaribo.info/adres/stratenlijst;Q138025857
151;Q3001;Swallenbergstraat;Q79007;Straat in Paramaribo;Street in Paramaribo;Zwaluwenstraat;;;;;;;1921;;1921;;https://www.concordansparamaribo.info/adres/stratenlijst;Q138025857
157;Q3001;Tweede Rijweg;Q79007;Straat in Paramaribo;Street in Paramaribo;Oude Rijweg;;;;;;;1837;;1921;;https://www.concordansparamaribo.info/adres/stratenlijst;Q138025857
171;Q3001;Verlengde Molenpad;Q79007;Straat in Paramaribo;Street in Paramaribo;;;;;;;;1855;;1921;1985;https://www.concordansparamaribo.info/adres/stratenlijst;Q138025857
196;Q3001;Beter Wonenstraat;Q79007;Straat in Paramaribo;Street in Paramaribo;;;;;;;;1946;;1946;;https://www.concordansparamaribo.info/adres/stratenlijst;Q138025857
231;Q3001;Poelepantjeplein;Q79007;Straat in Paramaribo;Street in Paramaribo;;;;;;;;;;1948;;https://www.concordansparamaribo.info/adres/stratenlijst;Q138025857
188;Q3001;1e Zijstraat (van de Anniestraat);Q79007;Straat in Paramaribo;Street in Paramaribo;;;;;;;;1900;;1950;;https://www.concordansparamaribo.info/adres/stratenlijst;Q138025857
189;Q3001;2e Zijstraat (van de Anniestraat);Q79007;Straat in Paramaribo;Street in Paramaribo;;;;;;;;1900;;1950;;https://www.concordansparamaribo.info/adres/stratenlijst;Q138025857
190;Q3001;3e Zijstraat (van de Anniestraat);Q79007;Straat in Paramaribo;Street in Paramaribo;;;;;;;;1900;;1950;;https://www.concordansparamaribo.info/adres/stratenlijst;Q138025857
191;Q3001;4e Zijstraat (van de Anniestraat);Q79007;Straat in Paramaribo;Street in Paramaribo;;;;;;;;1900;;1950;;https://www.concordansparamaribo.info/adres/stratenlijst;Q138025857
192;Q3001;5e Zijstraat (van de Anniestraat);Q79007;Straat in Paramaribo;Street in Paramaribo;;;;;;;;1900;;1950;;https://www.concordansparamaribo.info/adres/stratenlijst;Q138025857
149;Q3001;Steenbakkersgracht;Q79007;Straat in Paramaribo;Street in Paramaribo;;;;;;;;1769;;1956;;https://www.concordansparamaribo.info/adres/stratenlijst;Q138025857
37;Q3001;Gouvernementsplein;Q79007;Straat in Paramaribo;Street in Paramaribo;Plein;;;;;;;1737;;1958;;https://www.concordansparamaribo.info/adres/stratenlijst;Q138025857
117;Q3001;Oranjestraat;Q79007;Straat in Paramaribo;Street in Paramaribo;Orangestraat;;;;;;;1737;;1958;;https://www.concordansparamaribo.info/adres/stratenlijst;Q138025857
41;Q3001;Grote Dwarsstraat;Q79007;Straat in Paramaribo;Street in Paramaribo;Groote Dwarsstraat;;;;;;;1769;;1959;;https://www.concordansparamaribo.info/adres/stratenlijst;Q138025857
202;Q3001;Oranjeplein;Q79007;Straat in Paramaribo;Street in Paramaribo;;;;;;;;1958;;1975;;https://www.concordansparamaribo.info/adres/stratenlijst;Q138025857
126;Q3001;Pontewerfstraat;Q79007;Straat in Paramaribo;Street in Paramaribo;;;;;;;;1837;;1981;;https://www.concordansparamaribo.info/adres/stratenlijst;Q138025857
38;Q3001;Gravenstraat;Q79007;Straat in Paramaribo;Street in Paramaribo;Graavestraat;Gravestraat;;;;;;1737;;2003;;https://www.concordansparamaribo.info/adres/stratenlijst;Q138025857
226;Q3001;Soldatenstraat;Q79007;Straat in Paramaribo;Street in Paramaribo;Grave- of Soldatestraat;Verlengde Gravenstraat;;;;;;1750;;2003;;https://www.concordansparamaribo.info/adres/stratenlijst;Q138025857
108;Q3001;Nepveustraat;Q79007;Straat in Paramaribo;Street in Paramaribo;Nepveusstraat;;;;;;;1772;;2004;;https://www.concordansparamaribo.info/adres/stratenlijst;Q138025857
137;Q3001;Rust en Vredestraat;Q79007;Straat in Paramaribo;Street in Paramaribo;Rust en Vreedestraat;;;;;;;1769;;2006;;https://www.concordansparamaribo.info/adres/stratenlijst;Q138025857
172;Q3001;Verlengde Rust en Vredestraat;Q79007;Straat in Paramaribo;Street in Paramaribo;;;;;;;;1921;;2006;;https://www.concordansparamaribo.info/adres/stratenlijst;Q138025857
177;Q3001;Wanicastraat;Q79007;Straat in Paramaribo;Street in Paramaribo;Wanicaweg;;;;;;;1767;;2006;;https://www.concordansparamaribo.info/adres/stratenlijst;Q138025857
173;Q3001;Verlengde Weidestraat;Q79007;Straat in Paramaribo;Street in Paramaribo;;;;;;;;1921;;2011;;https://www.concordansparamaribo.info/adres/stratenlijst;Q138025857
183;Q3001;Weidestraat;Q79007;Straat in Paramaribo;Street in Paramaribo;Buitenweidestraat;Weijdestraat;;;;;;1782;;2011;;https://www.concordansparamaribo.info/adres/stratenlijst;Q138025857
1;Q3001;A.L. Waaldijkstraat;Q79007;Straat in Paramaribo;Street in Paramaribo;;;;;;;;1959;2016;;;https://www.concordansparamaribo.info/adres/stratenlijst;Q138025857
3;Q3001;Adrianusstraat;Q79007;Straat in Paramaribo;Street in Paramaribo;;;;;;;;1921;2016;;;https://www.concordansparamaribo.info/adres/stratenlijst;Q138025857
4;Q3001;Afi Jabastraat;Q79007;Straat in Paramaribo;Street in Paramaribo;;;;;;;2004;2007;2016;;;https://www.concordansparamaribo.info/adres/stratenlijst;Q138025857
5;Q3001;Alexanderstraat;Q79007;Straat in Paramaribo;Street in Paramaribo;;;;;;;;1887;2016;;;https://www.concordansparamaribo.info/adres/stratenlijst;Q138025857
6;Q3001;Anniestraat;Q79007;Straat in Paramaribo;Street in Paramaribo;;;;;;;;1900;2016;;;https://www.concordansparamaribo.info/adres/stratenlijst;Q138025857
7;Q3001;Anton de Komstraat;Q79007;Straat in Paramaribo;Street in Paramaribo;;;;;;Q56479264;;1981;2016;;;https://www.concordansparamaribo.info/adres/stratenlijst;Q138025857
9;Q3001;Bernhardstraat;Q79007;Straat in Paramaribo;Street in Paramaribo;;;;;;;;1921;2016;;;https://www.concordansparamaribo.info/adres/stratenlijst;Q138025857
10;Q3001;Burenstraat;Q79007;Straat in Paramaribo;Street in Paramaribo;Buurestraat;;;;;Q107435481;;1782;2016;;;https://www.concordansparamaribo.info/adres/stratenlijst;Q138025857
12;Q3001;Catostraat;Q79007;Straat in Paramaribo;Street in Paramaribo;;;;;;;;1921;2016;;;https://www.concordansparamaribo.info/adres/stratenlijst;Q138025857
13;Q3001;Celinestraat;Q79007;Straat in Paramaribo;Street in Paramaribo;Celinastraat;;;;;;;1921;2016;;;https://www.concordansparamaribo.info/adres/stratenlijst;Q138025857
14;Q3001;Commissarisstraat;Q79007;Straat in Paramaribo;Street in Paramaribo;;;;;;;;1772;2016;;;https://www.concordansparamaribo.info/adres/stratenlijst;Q138025857
15;Q3001;Cornelisstraat;Q79007;Straat in Paramaribo;Street in Paramaribo;;;;;;;;1921;2016;;;https://www.concordansparamaribo.info/adres/stratenlijst;Q138025857
16;Q3001;Costerstraat;Q79007;Straat in Paramaribo;Street in Paramaribo;;;;;;Q107435495;;1902;2016;;;https://www.concordansparamaribo.info/adres/stratenlijst;Q138025857
17;Q3001;Crommelinstraat;Q79007;Straat in Paramaribo;Street in Paramaribo;Crommelingstraat;Krommelingstraat;;;;;;1796;2016;;;https://www.concordansparamaribo.info/adres/stratenlijst;Q138025857
21;Q3001;Domineestraat;Q79007;Straat in Paramaribo;Street in Paramaribo;Dominiestraat;;;;;Q56707270;;1737;2016;;;https://www.concordansparamaribo.info/adres/stratenlijst;Q138025857
22;Q3001;Doreenstraat;Q79007;Straat in Paramaribo;Street in Paramaribo;;;;;;;;1936;2016;;;https://www.concordansparamaribo.info/adres/stratenlijst;Q138025857
23;Q3001;dr. J.F. Nassylaan;Q79007;Straat in Paramaribo;Street in Paramaribo;;;;;;Q107435478;;1948;2016;;;https://www.concordansparamaribo.info/adres/stratenlijst;Q138025857
24;Q3001;Dr. Sophie Redmondstraat;Q79007;Straat in Paramaribo;Street in Paramaribo;;;;;;Q107435482;;1956;2016;;;https://www.concordansparamaribo.info/adres/stratenlijst;Q138025857
25;Q3001;Drambrandersgracht;Q79007;Straat in Paramaribo;Street in Paramaribo;Drambranderij Creecq;Dominee Creecq;;Straat aan de Drambrandersgracht;;;;1769;2016;;;https://www.concordansparamaribo.info/adres/stratenlijst;Q138025857
29;Q3001;Emmastraat;Q79007;Straat in Paramaribo;Street in Paramaribo;;;;;;;;1887;2016;;;https://www.concordansparamaribo.info/adres/stratenlijst;Q138025857
30;Q3001;Fransstraat;Q79007;Straat in Paramaribo;Street in Paramaribo;;;;;;;;1921;2016;;;https://www.concordansparamaribo.info/adres/stratenlijst;Q138025857
32;Q3001;Fredericistraat;Q79007;Straat in Paramaribo;Street in Paramaribo;Fridericistraat;;;;;;;1837;2016;;;https://www.concordansparamaribo.info/adres/stratenlijst;Q138025857
33;Q3001;Frederik Derbystraat;Q79007;Straat in Paramaribo;Street in Paramaribo;;;;;;;;2006;2016;;;https://www.concordansparamaribo.info/adres/stratenlijst;Q138025857
34;Q3001;Frederikalaan;Q79007;Straat in Paramaribo;Street in Paramaribo;;;;;;;;1921;2016;;;https://www.concordansparamaribo.info/adres/stratenlijst;Q138025857
35;Q3001;Gemenelandsweg;Q79007;Straat in Paramaribo;Street in Paramaribo;2e Rijweg naar Kwatta;Gemeenelandsweg;Gemenenlandsweg;Landsweg;;Q107435498;;1772;2016;;;https://www.concordansparamaribo.info/adres/stratenlijst;Q138025857
36;Q3001;Gongrijpstraat;Q79007;Straat in Paramaribo;Street in Paramaribo;Gonggrijpstraat;;;;;Q107435492;;1921;2016;;;https://www.concordansparamaribo.info/adres/stratenlijst;Q138025857
40;Q3001;Grote Combeweg;Q79007;Straat in Paramaribo;Street in Paramaribo;Grote Rijweg naar de Combé;Grooten Rijweg;Groote Rijweg van Combé;Grote Combé Rijweg;;Q107435485;;1796;2016;;;https://www.concordansparamaribo.info/adres/stratenlijst;Q138025857
42;Q3001;Grote Hofstraat;Q79007;Straat in Paramaribo;Street in Paramaribo;Nieuwe Hofstraat;;;;;Q107435470;;1782;2016;;;https://www.concordansparamaribo.info/adres/stratenlijst;Q138025857
45;Q3001;Heerenstraat;Q79007;Straat in Paramaribo;Street in Paramaribo;Heerestraat;Herenstraat;;;;Q107435472;;1737;2016;;;https://www.concordansparamaribo.info/adres/stratenlijst;Q138025857
46;Q3001;Heiligenweg;Q79007;Straat in Paramaribo;Street in Paramaribo;Heiligeweg;;;;;Q56492630;;1782;2016;;;https://www.concordansparamaribo.info/adres/stratenlijst;Q138025857
47;Q3001;Helenastraat;Q79007;Straat in Paramaribo;Street in Paramaribo;;;;;;;;1921;2016;;;https://www.concordansparamaribo.info/adres/stratenlijst;Q138025857
48;Q3001;Henck Arronstraat;Q79007;Straat in Paramaribo;Street in Paramaribo;;;;;;Q2794939;;2003;2016;;;https://www.concordansparamaribo.info/adres/stratenlijst;Q138025857
49;Q3001;Hertogstraat;Q79007;Straat in Paramaribo;Street in Paramaribo;;;;;;;;2016;2016;;;https://www.concordansparamaribo.info/adres/stratenlijst;Q138025857
50;Q3001;Hoenderparkweg;Q79007;Straat in Paramaribo;Street in Paramaribo;;;;;;;;1921;2016;;;https://www.concordansparamaribo.info/adres/stratenlijst;Q138025857
51;Q3001;Hofstede Crulllaan;Q79007;Straat in Paramaribo;Street in Paramaribo;;;;;;Q107435497;;1916;2016;;;https://www.concordansparamaribo.info/adres/stratenlijst;Q138025857
52;Q3001;Hofstraat;Q79007;Straat in Paramaribo;Street in Paramaribo;Hoffstraat;;;;;;;1782;2016;;;https://www.concordansparamaribo.info/adres/stratenlijst;Q138025857
54;Q3001;Jacobstraat;Q79007;Straat in Paramaribo;Street in Paramaribo;;;;;;;;1936;2016;;;https://www.concordansparamaribo.info/adres/stratenlijst;Q138025857
55;Q3001;Jesserunstraat;Q79007;Straat in Paramaribo;Street in Paramaribo;;;;;;;;1911;2016;;;https://www.concordansparamaribo.info/adres/stratenlijst;Q138025857
56;Q3001;Jodenbreestraat;Q79007;Straat in Paramaribo;Street in Paramaribo;Joodebreestraat;Jooden Breeden;Jooden Bree;Jooden Bree;;Q98124865;;1737;2016;;;https://www.concordansparamaribo.info/adres/stratenlijst;Q138025857
57;Q3001;Johan Adolf Pengelstraat;Q79007;Straat in Paramaribo;Street in Paramaribo;;;;;;Q56450947;;2006;2016;;;https://www.concordansparamaribo.info/adres/stratenlijst;Q138025857
58;Q3001;Josephinestraat;Q79007;Straat in Paramaribo;Street in Paramaribo;Josephinastraat;;;;;;;1921;2016;;;https://www.concordansparamaribo.info/adres/stratenlijst;Q138025857
59;Q3001;Julianastraat;Q79007;Straat in Paramaribo;Street in Paramaribo;;;;;;Q107435488;;1921;2016;;;https://www.concordansparamaribo.info/adres/stratenlijst;Q138025857
61;Q3001;Kalkbranderstraat;Q79007;Straat in Paramaribo;Street in Paramaribo;Nieuwe Dwarsweg;Kalkbranderijstraat;;;;;;1887;2016;;;https://www.concordansparamaribo.info/adres/stratenlijst;Q138025857
62;Q3001;Kampongweg 1e;Q79007;Straat in Paramaribo;Street in Paramaribo;;;;;;;;1921;2016;;;https://www.concordansparamaribo.info/adres/stratenlijst;Q138025857
63;Q3001;Kampongweg 2e;Q79007;Straat in Paramaribo;Street in Paramaribo;;;;;;;;1921;2016;;;https://www.concordansparamaribo.info/adres/stratenlijst;Q138025857
64;Q3001;Katharinastraat;Q79007;Straat in Paramaribo;Street in Paramaribo;;;;;;;;1921;2016;;;https://www.concordansparamaribo.info/adres/stratenlijst;Q138025857
65;Q3001;Keizerstraat;Q79007;Straat in Paramaribo;Street in Paramaribo;Keijzerstraat;Keizersstraat;;;;Q4115432;;1737;2016;;;https://www.concordansparamaribo.info/adres/stratenlijst;Q138025857
66;Q3001;Kerkplein;Q79007;Straat in Paramaribo;Street in Paramaribo;;;;;;;;1837;2016;;;https://www.concordansparamaribo.info/adres/stratenlijst;Q138025857
67;Q3001;Kleine Combeweg;Q79007;Straat in Paramaribo;Street in Paramaribo;Bij Fort Zeelandia;;;;;;;1837;2016;;;https://www.concordansparamaribo.info/adres/stratenlijst;Q138025857
68;Q3001;Kleine Dwarsstraat;Q79007;Straat in Paramaribo;Street in Paramaribo;Dwarsweg van Combé;;;;;;;1837;2016;;;https://www.concordansparamaribo.info/adres/stratenlijst;Q138025857
69;Q3001;Kleine Saramaccastraat;Q79007;Straat in Paramaribo;Street in Paramaribo;;;;;;;;1921;2016;;;https://www.concordansparamaribo.info/adres/stratenlijst;Q138025857
70;Q3001;Kleine Waterstraat;Q79007;Straat in Paramaribo;Street in Paramaribo;;;;;;Q57341470;;1837;2016;;;https://www.concordansparamaribo.info/adres/stratenlijst;Q138025857
71;Q3001;Klipstenenstraat;Q79007;Straat in Paramaribo;Street in Paramaribo;Klipsteenenstraat;Klipsteenstraat;;;;;;1782;2016;;;https://www.concordansparamaribo.info/adres/stratenlijst;Q138025857
72;Q3001;Knuffelsgracht;Q79007;Straat in Paramaribo;Street in Paramaribo;Molencreecq;Kanaalstraat;Knöffelsgracht;Knoffelsgracht;Kanaal van de oude societeitsmolen;Q107435471;;1837;2016;;;https://www.concordansparamaribo.info/adres/stratenlijst;Q138025857
73;Q3001;Koffielaan;Q79007;Straat in Paramaribo;Street in Paramaribo;;;;;;;;1921;2016;;;https://www.concordansparamaribo.info/adres/stratenlijst;Q138025857
74;Q3001;Koninginnestraat;Q79007;Straat in Paramaribo;Street in Paramaribo;;;;;;Q107435490;;1921;2016;;;https://www.concordansparamaribo.info/adres/stratenlijst;Q138025857
75;Q3001;Koningstraat;Q79007;Straat in Paramaribo;Street in Paramaribo;;;;;;;;1873;2016;;;https://www.concordansparamaribo.info/adres/stratenlijst;Q138025857
77;Q3001;Korte Kerkstraat;Q79007;Straat in Paramaribo;Street in Paramaribo;Suidkerkstraat;Zuiderkerkstraat;;;;Q107435468;;1921;2016;;;https://www.concordansparamaribo.info/adres/stratenlijst;Q138025857
79;Q3001;Kromme Elleboogstraat;Q79007;Straat in Paramaribo;Street in Paramaribo;Watersteeg;Kromme Elleboogsteeg;;;;Q107435467;;1737;2016;;;https://www.concordansparamaribo.info/adres/stratenlijst;Q138025857
80;Q3001;Kwattaweg;Q79007;Straat in Paramaribo;Street in Paramaribo;;;;;;;;1921;2016;;;https://www.concordansparamaribo.info/adres/stratenlijst;Q138025857
81;Q3001;Laat en Dadelstraat;Q79007;Straat in Paramaribo;Street in Paramaribo;Laad en Dadelstraat;;;;;;;1921;2016;;;https://www.concordansparamaribo.info/adres/stratenlijst;Q138025857
82;Q3001;Ladesmastraat;Q79007;Straat in Paramaribo;Street in Paramaribo;Ledesmastraat;;;;;Q107435483;;1837;2016;;;https://www.concordansparamaribo.info/adres/stratenlijst;Q138025857
83;Q3001;Laurastraat;Q79007;Straat in Paramaribo;Street in Paramaribo;;;;;;;;1921;2016;;;https://www.concordansparamaribo.info/adres/stratenlijst;Q138025857
84;Q3001;Leemsteeg;Q79007;Straat in Paramaribo;Street in Paramaribo;;;;;;;;1887;2016;;;https://www.concordansparamaribo.info/adres/stratenlijst;Q138025857
86;Q3001;Letitia Vriesde laan;Q79007;Straat in Paramaribo;Street in Paramaribo;;;;;;;2000;2005;2016;;;https://www.concordansparamaribo.info/adres/stratenlijst;Q138025857
87;Q3001;Lewensteinstraat;Q79007;Straat in Paramaribo;Street in Paramaribo;;;;;;;;1936;2016;;;https://www.concordansparamaribo.info/adres/stratenlijst;Q138025857
88;Q3001;Lim-a-Postraat;Q79007;Straat in Paramaribo;Street in Paramaribo;Mr. F.H.R. Lim A Postraat;;;;;Q107435463;;1958;2016;;;https://www.concordansparamaribo.info/adres/stratenlijst;Q138025857
89;Q3001;Limesgracht;Q79007;Straat in Paramaribo;Street in Paramaribo;Limeskreek;Straat aan de Limesgracht;;;;;;1837;2016;;;https://www.concordansparamaribo.info/adres/stratenlijst;Q138025857
90;Q3001;Loorstraat;Q79007;Straat in Paramaribo;Street in Paramaribo;;;;;;;;1936;2016;;;https://www.concordansparamaribo.info/adres/stratenlijst;Q138025857
91;Q3001;Louisalaan;Q79007;Straat in Paramaribo;Street in Paramaribo;Louiselaan;;;;;;;1936;2016;;;https://www.concordansparamaribo.info/adres/stratenlijst;Q138025857
92;Q3001;Maagdenstraat;Q79007;Straat in Paramaribo;Street in Paramaribo;Groote Kerk- of Maagdenstraat;;;;;Q107435475;;1737;2016;;;https://www.concordansparamaribo.info/adres/stratenlijst;Q138025857
93;Q3001;Mahonylaan;Q79007;Voorbij Wilhelminastraat wordt het 4e Dwarsstraat / Bamboe-laan;Street in Paramaribo;;;;;;;;1911;2016;;;https://drive.google.com/file/d/0B88mZFitv8emNm1DZnRaZW1sR28/view?usp=drive_link&resourcekey=0-mmh-4y0Awsjf_rdR7joFig;Q138025817
94;Q3001;Malebatrumstraat;Q79007;Straat in Paramaribo;Street in Paramaribo;Malibatrumstraat;Dwarsstraat;;;;Q107435493;;1837;2016;;;https://www.concordansparamaribo.info/adres/stratenlijst;Q138025857
95;Q3001;Mangolaan;Q79007;Straat in Paramaribo;Street in Paramaribo;;;;;;;;1921;2016;;;https://www.concordansparamaribo.info/adres/stratenlijst;Q138025857
96;Q3001;Mariestraat;Q79007;Straat in Paramaribo;Street in Paramaribo;Mariastraat;;;;;;;1936;2016;;;https://www.concordansparamaribo.info/adres/stratenlijst;Q138025857
97;Q3001;Mauriciusstraat;Q79007;Straat in Paramaribo;Street in Paramaribo;Mauritiusstraat;;;;;;;1837;2016;;;https://www.concordansparamaribo.info/adres/stratenlijst;Q138025857
98;Q3001;Maystraat;Q79007;Straat in Paramaribo;Street in Paramaribo;;;;;;;;1921;2016;;;https://www.concordansparamaribo.info/adres/stratenlijst;Q138025857
100;Q3001;Molenpad;Q79007;Straat in Paramaribo;Street in Paramaribo;;;;;;;;1850;2016;;;https://www.concordansparamaribo.info/adres/stratenlijst;Q138025857
101;Q3001;Monseigneur Wulfinghstraat;Q79007;Straat in Paramaribo;Street in Paramaribo;Mgr. Wulfinghstraat;;;;;Q107435486;;1923;2016;;;https://www.concordansparamaribo.info/adres/stratenlijst;Q138025857
102;Q3001;Mr. Eduard J. Brumastraat;Q79007;Straat in Paramaribo;Street in Paramaribo;;;;;;Q56477962;;2011;2016;;;https://www.concordansparamaribo.info/adres/stratenlijst;Q138025857
103;Q3001;mr.dr. J.C. de Mirandastraat;Q79007;Straat in Paramaribo;Street in Paramaribo;Mr. dr. J.C. de Mirandastraat;;;;;Q107435464;;1958;2016;;;https://www.concordansparamaribo.info/adres/stratenlijst;Q138025857
104;Q3001;Nagelstraat;Q79007;Straat in Paramaribo;Street in Paramaribo;;;;;;;;1936;2016;;;https://www.concordansparamaribo.info/adres/stratenlijst;Q138025857
109;Q3001;Neumannpad;Q79007;Straat in Paramaribo;Street in Paramaribo;;;;;;;;1936;2016;;;https://www.concordansparamaribo.info/adres/stratenlijst;Q138025857
110;Q3001;Nieuwe Charlesburgweg;Q79007;Straat in Paramaribo;Street in Paramaribo;;;;;;;;2016;2016;;;https://www.concordansparamaribo.info/adres/stratenlijst;Q138025857
112;Q3001;Nieuwe Domineestraat;Q79007;Straat in Paramaribo;Street in Paramaribo;Dominékreek;Dominé Creecq;Dominéstraat;;;;;1837;2016;;;https://www.concordansparamaribo.info/adres/stratenlijst;Q138025857
113;Q3001;Noorderkerkstraat;Q79007;Straat in Paramaribo;Street in Paramaribo;Korte Kerkstraat;Noorder- of Korte Kerkstraat;Noordhoek van de Oranjetuin;;;;;1830;2016;;;https://www.concordansparamaribo.info/adres/stratenlijst;Q138025857
115;Q3001;Onafhankelijkheidsplein;Q79007;Straat in Paramaribo;Street in Paramaribo;;;;;;;;1975;2016;;;https://www.concordansparamaribo.info/adres/stratenlijst;Q138025857
119;Q3001;Oude Charlesburgweg;Q79007;Straat in Paramaribo;Street in Paramaribo;;;;;;;;2016;2016;;;https://www.concordansparamaribo.info/adres/stratenlijst;Q138025857
121;Q3001;Oude Hofstraat;Q79007;Straat in Paramaribo;Street in Paramaribo;;;;;;Q107435469;;1921;2016;;;https://www.concordansparamaribo.info/adres/stratenlijst;Q138025857
125;Q3001;Picorniestraat;Q79007;Straat in Paramaribo;Street in Paramaribo;Picorne Kreek;;;;;;;1887;2016;;;https://www.concordansparamaribo.info/adres/stratenlijst;Q138025857
127;Q3001;President da Costa laan;Q79007;Straat in Paramaribo;Street in Paramaribo;;;;;;;;1916;2016;;;https://www.concordansparamaribo.info/adres/stratenlijst;Q138025857
128;Q3001;Prins Hendrikstraat;Q79007;Straat in Paramaribo;Street in Paramaribo;;;;;;Q107435489;;1921;2016;;;https://www.concordansparamaribo.info/adres/stratenlijst;Q138025857
129;Q3001;Prinsenstraat;Q79007;Straat in Paramaribo;Street in Paramaribo;Princestraat;;;;;Q107435484;;1769;2016;;;https://www.concordansparamaribo.info/adres/stratenlijst;Q138025857
130;Q3001;Prinsessestraat;Q79007;Straat in Paramaribo;Street in Paramaribo;;;;;;Q107435491;;1921;2016;;;https://www.concordansparamaribo.info/adres/stratenlijst;Q138025857
131;Q3001;Professor W.J. Kernkampweg;Q79007;Straat in Paramaribo;Street in Paramaribo;;;;;;;;1959;2016;;;https://www.concordansparamaribo.info/adres/stratenlijst;Q138025857
132;Q3001;Rattan Oemrawsinghstraat;Q79007;Straat in Paramaribo;Street in Paramaribo;;;;;;;;1950;2016;;;https://www.concordansparamaribo.info/adres/stratenlijst;Q138025857
133;Q3001;Regentesselaan;Q79007;Straat in Paramaribo;Street in Paramaribo;;;;;;;;1921;2016;;;https://www.concordansparamaribo.info/adres/stratenlijst;Q138025857
135;Q3001;Rodastraat;Q79007;Straat in Paramaribo;Street in Paramaribo;Rhodastraat;;;;;;;1921;2016;;;https://www.concordansparamaribo.info/adres/stratenlijst;Q138025857
136;Q3001;Rosalinastraat;Q79007;Straat in Paramaribo;Street in Paramaribo;Rosalinestraat;;;;;;;1936;2016;;;https://www.concordansparamaribo.info/adres/stratenlijst;Q138025857
138;Q3001;Samsonstraat;Q79007;Straat in Paramaribo;Street in Paramaribo;;;;;;;;1914;2016;;;https://www.concordansparamaribo.info/adres/stratenlijst;Q138025857
139;Q3001;Samuel Kafiludistraat;Q79007;Straat in Paramaribo;Street in Paramaribo;;;;;;;;1985;2016;;;https://www.concordansparamaribo.info/adres/stratenlijst;Q138025857
140;Q3001;Saramaccastraat;Q79007;Straat in Paramaribo;Street in Paramaribo;Sarameccastraat;;;;;Q107435480;;1740;2016;;;https://www.concordansparamaribo.info/adres/stratenlijst;Q138025857
141;Q3001;Scheuermanstraat;Q79007;Straat in Paramaribo;Street in Paramaribo;Schuiermanstraat;;;;;;;2016;2016;;;https://www.concordansparamaribo.info/adres/stratenlijst;Q138025857
142;Q3001;Schimmelpenninckstraat;Q79007;Straat in Paramaribo;Street in Paramaribo;;;;;;;;1921;2016;;;https://www.concordansparamaribo.info/adres/stratenlijst;Q138025857
144;Q3001;Sommelsdijkstraat;Q79007;Straat in Paramaribo;Street in Paramaribo;Van Sommelsdijckstraat;Sommelsdijckstraat;Sommelsdijksestraat;Sommelsdijkschestraat;;;;1796;2016;;;https://www.concordansparamaribo.info/adres/stratenlijst;Q138025857
146;Q3001;Sophiastraat;Q79007;Straat in Paramaribo;Street in Paramaribo;;;;;;;;1921;2016;;;https://www.concordansparamaribo.info/adres/stratenlijst;Q138025857
147;Q3001;Spathodelaan;Q79007;Straat in Paramaribo;Street in Paramaribo;Spathodealaan;;;;;;;1921;2016;;;https://www.concordansparamaribo.info/adres/stratenlijst;Q138025857
148;Q3001;Steenbakkerijstraat;Q79007;Straat in Paramaribo;Street in Paramaribo;Steenbakkersstraat;;;;;Q107435476;;1737;2016;;;https://www.concordansparamaribo.info/adres/stratenlijst;Q138025857
150;Q3001;Stoelmanstraat;Q79007;Straat in Paramaribo;Street in Paramaribo;;;;;;Q107435494;;1873;2016;;;https://www.concordansparamaribo.info/adres/stratenlijst;Q138025857
152;Q3001;Swalmbergstraat;Q79007;Straat in Paramaribo;Street in Paramaribo;;;;;;Q107435479;;2016;2016;;;https://www.concordansparamaribo.info/adres/stratenlijst;Q138025857
153;Q3001;Theodorusstraat;Q79007;Straat in Paramaribo;Street in Paramaribo;;;;;;;;1936;2016;;;https://www.concordansparamaribo.info/adres/stratenlijst;Q138025857
154;Q3001;Timmermanstraat;Q79007;Straat in Paramaribo;Street in Paramaribo;;;;;;;;1837;2016;;;https://www.concordansparamaribo.info/adres/stratenlijst;Q138025857
155;Q3001;Tourtonnelaan;Q79007;Straat in Paramaribo;Street in Paramaribo;Laan naar Tourtonne;;;;;;;1921;2016;;;https://www.concordansparamaribo.info/adres/stratenlijst;Q138025857
158;Q3001;Vaillantplein;Q79007;Straat in Paramaribo;Street in Paramaribo;;;;;;;;1887;2016;;;https://www.concordansparamaribo.info/adres/stratenlijst;Q138025857
159;Q3001;Van Esveltstraat;Q79007;Straat in Paramaribo;Street in Paramaribo;;;;;;;;1921;2016;;;https://www.concordansparamaribo.info/adres/stratenlijst;Q138025857
160;Q3001;Van Idsingastraat;Q79007;Straat in Paramaribo;Street in Paramaribo;;;;;;;;1837;2016;;;https://www.concordansparamaribo.info/adres/stratenlijst;Q138025857
161;Q3001;Van Lansbergestraat;Q79007;Straat in Paramaribo;Street in Paramaribo;;;;;;;;1887;2016;;;https://www.concordansparamaribo.info/adres/stratenlijst;Q138025857
162;Q3001;Van Radersstraat;Q79007;Straat in Paramaribo;Street in Paramaribo;;;;;;;;1873;2016;;;https://www.concordansparamaribo.info/adres/stratenlijst;Q138025857
163;Q3001;Van Roseveltkade;Q79007;Straat in Paramaribo;Street in Paramaribo;;;;;;;;2016;2016;;;https://www.concordansparamaribo.info/adres/stratenlijst;Q138025857
164;Q3001;van Sypensteinstraat;Q79007;Straat in Paramaribo;Street in Paramaribo;Van Sypensteynlaan;;;;;;;1887;2016;;;https://www.concordansparamaribo.info/adres/stratenlijst;Q138025857
165;Q3001;Van 't Hoogerhuysstraat;Q79007;Straat in Paramaribo;Street in Paramaribo;Nieuwe straat nabij het Molenpad;Hoogerhuisstraat;Hogerhuijsstraat;Hoogerhuisstraat;;;;1913;2016;;;https://www.concordansparamaribo.info/adres/stratenlijst;Q138025857
166;Q3001;Verastraat;Q79007;Straat in Paramaribo;Street in Paramaribo;;;;;;;;1936;2016;;;https://www.concordansparamaribo.info/adres/stratenlijst;Q138025857
167;Q3001;Verlengde Gemenelandsweg;Q79007;Straat in Paramaribo;Street in Paramaribo;Rijweg van 's Lands grond naar Kwatta;Gemeenelandsweg;Gemeenen Landsweg;;;;;1837;2016;;;https://www.concordansparamaribo.info/adres/stratenlijst;Q138025857
168;Q3001;Verlengde Hoogestraat;Q79007;Straat in Paramaribo;Street in Paramaribo;;;;;;;;1921;2016;;;https://www.concordansparamaribo.info/adres/stratenlijst;Q138025857
169;Q3001;Verlengde Keizerstraat;Q79007;Straat in Paramaribo, ook wel Koningstraat of Kort-Asemstraat;Street in Paramaribo;;;;;;Q107435466;;1887;2016;;;https://drive.google.com/file/d/0B88mZFitv8emNm1DZnRaZW1sR28/view?usp=drive_link&resourcekey=0-mmh-4y0Awsjf_rdR7joFig;Q138025817
170;Q3001;Verlengde Mahonylaan;Q79007;Straat in Paramaribo;Street in Paramaribo;;;;;;;;1921;2016;;;https://www.concordansparamaribo.info/adres/stratenlijst;Q138025857
174;Q3001;Vulcanusstraat;Q79007;Straat in Paramaribo;Street in Paramaribo;;;;;;;;1936;2016;;;https://www.concordansparamaribo.info/adres/stratenlijst;Q138025857
175;Q3001;W.L. Lothlaan;Q79007;Straat in Paramaribo;Street in Paramaribo;;;;;;;;1916;2016;;;https://www.concordansparamaribo.info/adres/stratenlijst;Q138025857
176;Q3001;Wagenwegstraat;Q79007;Straat in Paramaribo;Street in Paramaribo;Waagenweg;Wagewegstraat;;;;Q107435477;;1782;2016;;;https://www.concordansparamaribo.info/adres/stratenlijst;Q138025857
180;Q3001;Watermolenstraat;Q79007;Straat in Paramaribo;Street in Paramaribo;Moolestraat;Molenstraat;;;;Q107435473;;1737;2016;;;https://www.concordansparamaribo.info/adres/stratenlijst;Q138025857
184;Q3001;Wichersstraat;Q79007;Straat in Paramaribo;Street in Paramaribo;;;;;;;;1796;2016;;;https://www.concordansparamaribo.info/adres/stratenlijst;Q138025857
185;Q3001;Wilhelminastraat;Q79007;Straat in Paramaribo;Street in Paramaribo;;;;;;;;1887;2016;;;https://www.concordansparamaribo.info/adres/stratenlijst;Q138025857
186;Q3001;Willemstraat;Q79007;Straat in Paramaribo;Street in Paramaribo;;;;;;;;1873;2016;;;https://www.concordansparamaribo.info/adres/stratenlijst;Q138025857
187;Q3001;Zeelandiaweg;Q79007;Straat in Paramaribo;Street in Paramaribo;;;;;;Q107435496;;2016;2016;;;https://www.concordansparamaribo.info/adres/stratenlijst;Q138025857
193;Q3001;Zwartenhovenbrugstraat;Q79007;Straat in Paramaribo;Street in Paramaribo;Swarte Hoeve Brugstraat;Swartze Hoeven;Zwarten Hoeven;Zwartehove;;Q57340919;;1782;2016;;;https://www.concordansparamaribo.info/adres/stratenlijst;Q138025857
200;Q3001;Cornelis Jongbawstraat;Q79007;Straat in Paramaribo;Street in Paramaribo;;;;;;;;1957;2016;;;https://www.concordansparamaribo.info/adres/stratenlijst;Q138025857
204;Q3001;Henriettestraat;Q79007;Straat in Paramaribo;Street in Paramaribo;Harriettestraat;;;;;;;1914;2016;;;https://www.concordansparamaribo.info/adres/stratenlijst;Q138025857
209;Q3001;Kopsstraat;Q79007;Straat in Paramaribo;Street in Paramaribo;;;;;;;;2016;2016;;;https://www.concordansparamaribo.info/adres/stratenlijst;Q138025857
211;Q3001;Lisestraat;Q79007;Straat in Paramaribo;Street in Paramaribo;Liselaan;;;;;;;2016;2016;;;https://www.concordansparamaribo.info/adres/stratenlijst;Q138025857
215;Q3001;Tamarindelaan;Q79007;Straat in Paramaribo;Street in Paramaribo;;;;;;;;1710;2016;;;https://www.concordansparamaribo.info/adres/stratenlijst;Q138025857
224;Q3001;Sewburnstraat;Q79007;Straat in Paramaribo;Street in Paramaribo;;;;;;;;2016;2016;;;https://www.concordansparamaribo.info/adres/stratenlijst;Q138025857
225;Q3001;Sivaplein;Q79007;Straat in Paramaribo;Street in Paramaribo;;;;;;;;1879;2016;;;https://www.concordansparamaribo.info/adres/stratenlijst;Q138025857
228;Q3001;Van Dijkstraat;Q79007;Straat in Paramaribo;Street in Paramaribo;;;;;;;;1936;2016;;;https://www.concordansparamaribo.info/adres/stratenlijst;Q138025857
53;Q3001;Hoogestraat;Q79007;Straat in Paramaribo;Street in Paramaribo;Hogestraat;;;;;;;1769;2019;;;https://www.concordansparamaribo.info/adres/stratenlijst;Q138025857
205;Q3001;Dr. Eugčne Albert Gesselstraat;Q79007;Straat in Paramaribo;Street in Paramaribo;;;;;;;;2019;2020;;;https://www.concordansparamaribo.info/adres/stratenlijst;Q138025857
179;Q3001;Waterkant;Q79007;Straat in Paramaribo;Street in Paramaribo;Waterzijde;;;;;Q2512080;;1700;2021;;;https://www.concordansparamaribo.info/adres/stratenlijst;Q138025857
230;Q3001;William Kraanplein;Q79007;Straat in Paramaribo;Street in Paramaribo;;;;;;;;1948;2021;;;https://www.concordansparamaribo.info/adres/stratenlijst;Q138025857
198;Q3001;Compagniestraat;Q79007;Straat in Paramaribo;Street in Paramaribo;Oude Keizerstraat;;;;;;;;;;;https://www.concordansparamaribo.info/adres/stratenlijst;Q138025857
199;Q3001;Corneliastraat;Q79007;Zijstraat van de Wanicastraat;Street in Paramaribo;;;;;;;;;;;;https://www.concordansparamaribo.info/adres/stratenlijst;Q138025857
207;Q3001;Kerkhofstraat;Q79007;Straat in Paramaribo;Street in Paramaribo;;;;;;;;;;;;https://www.concordansparamaribo.info/adres/stratenlijst;Q138025857
213;Q3001;Mauritius Dwarsstraat;Q79007;Straat in Paramaribo;Street in Paramaribo;Op Combé;;;;;;;;;;;https://www.concordansparamaribo.info/adres/stratenlijst;Q138025857
214;Q3001;Nieuwe Keizerstraat;Q79007;Straat in Paramaribo;Street in Paramaribo;Keizerstraat;;;;;;;;;;;https://www.concordansparamaribo.info/adres/stratenlijst;Q138025857
216;Q3001;Kleine Hofstraat;Q79007;Straat in Paramaribo;Street in Paramaribo;;;;;;;;;;;;https://www.concordansparamaribo.info/adres/stratenlijst;Q138025857
217;Q3001;Paardenmarkt;Q79007;Straat in Paramaribo;Street in Paramaribo;;;;;;;;;;;;https://www.concordansparamaribo.info/adres/stratenlijst;Q138025857
218;Q3001;Kartaramstraat;Q79007;Straat in Paramaribo;Street in Paramaribo;;;;;;Q116739165;;;;;;https://nl.wikipedia.org/wiki/Kartaramstraat;
219;Q3001;Ro Carstersstraat;Q79007;Straat in Paramaribo;Street in Paramaribo;;;;;;;;;;;;https://www.cartogiraffe.com/suriname/paramaribo/rainville/ro+carstersstraat/;
220;Q3001;Sanirsadstraat;Q79007;Straat in Paramaribo;Street in Paramaribo;;;;;;;;;;;;https://nl.wikipedia.org/wiki/Verdwenen_straatnamen_in_Paramaribo;
221;Q3001;Cornelis Graanoogststraat;Q79007;Straat in Paramaribo;Street in Paramaribo;;;;;;;;;;;;https://nl.wikipedia.org/wiki/Verdwenen_straatnamen_in_Paramaribo#4e_zijstraat._Na_1950:_Cornelis_Graanoogststraat;
222;Q3001;Quartaroliestraat;Q79007;Verdwenen straat in Paramaribo, hier is thans het Vaillantsplein;Street in Paramaribo;Quartolystraat;Quarteroliestraat;Quartarolistraat;Vijfzinnenstraat;Quatarolisstraat;;;;;;;https://drive.google.com/file/d/0B88mZFitv8emNm1DZnRaZW1sR28/view?usp=drive_link&resourcekey=0-mmh-4y0Awsjf_rdR7joFig;Q138025817
233;Q3001;Anton Dragtenweg;Q79007;Straat in Paramaribo;Street in Paramaribo;;;;;;Q107435500;;;;;;https://nl.wikipedia.org/wiki/Anton_Dragtenweg;
234;Q3001;Jaggernath Lachmonstraat;Q79007;Straat in Paramaribo;Street in Paramaribo;;;;;;Q57209421;;;;;;https://nl.wikipedia.org/wiki/Jagernath_Lachmonstraat;
235;Q3001;Slangenhoutstraat;Q79007;Straat in Paramaribo;Street in Paramaribo;;;;;;Q107435499;;;;;;https://nl.wikipedia.org/wiki/Slangenhoutstraat;
236;Q3001;Van Rooseveltkade;Q79007;Straat in Paramaribo;Street in Paramaribo;;;;;;Q107435487;;;;;;https://nl.wikipedia.org/wiki/Van_Roseveltkade;
237;Q3001;Waka Pasi;Q79007;Straat in Paramaribo;Street in Paramaribo;;;;;;Q69753016;;;;;;https://nl.wikipedia.org/wiki/Wakapasi;
240;Q3001;Engelse brug;Q12280;Brug in Paramaribo op de kruising Heiligeweg - Waterkant;Bridge in Paramaribo;;;;;;;;;;;;https://drive.google.com/file/d/0B88mZFitv8emNm1DZnRaZW1sR28/view?usp=drive_link&resourcekey=0-mmh-4y0Awsjf_rdR7joFig;Q138025817
241;Q3001;Bocco brug;Q12280;Brug op kruising S. Redmondstraat - Zhbrugstraat;Street in Paramaribo;;;;;;;;;;;;https://drive.google.com/file/d/0B88mZFitv8emNm1DZnRaZW1sR28/view?usp=drive_link&resourcekey=0-mmh-4y0Awsjf_rdR7joFig;Q138025817
242;Q3001;Willemsbrug;Q12280;Brug  in Paramaribo op de kruising Gr. Combeweg – Sommelsdijksekreek;Bridge in Paramaribo;;;;;;;;;;;;https://drive.google.com/file/d/0B88mZFitv8emNm1DZnRaZW1sR28/view?usp=drive_link&resourcekey=0-mmh-4y0Awsjf_rdR7joFig;Q138025817
243;Q3001;Viottebrug;Q12280;Brug in Paramaribo op de kruising Viottekreek - Wanicastraat;Bridge in Paramaribo;;;;;;;;;;;;https://drive.google.com/file/d/0B88mZFitv8emNm1DZnRaZW1sR28/view?usp=drive_link&resourcekey=0-mmh-4y0Awsjf_rdR7joFig;Q138025817
244;Q3001;Logebrug;Q12280;Brug in Paramaribo op de kruising Saramaccastraat – Steenbakkersgracht;Bridge in Paramaribo;;;;;;;;;;;;https://drive.google.com/file/d/0B88mZFitv8emNm1DZnRaZW1sR28/view?usp=drive_link&resourcekey=0-mmh-4y0Awsjf_rdR7joFig;Q138025817
